dataset,record_index,split
finqa,1086,train
finqa,495,train
finqa,232,train
finqa,776,train
finqa,74,train
finqa,462,train
finqa,564,train
finqa,322,train
finqa,63,train
finqa,704,train
finqa,134,train
finqa,239,train
finqa,435,train
finqa,1110,train
finqa,332,train
finqa,705,train
finqa,637,train
finqa,956,train
finqa,45,train
finqa,53,train
finqa,671,train
finqa,1126,train
finqa,961,train
finqa,706,train
finqa,638,train
finqa,75,train
finqa,900,train
finqa,613,train
finqa,416,train
finqa,917,train
finqa,357,train
finqa,10,train
finqa,830,train
finqa,1041,train
finqa,725,train
finqa,446,train
finqa,886,train
finqa,1133,train
finqa,115,train
finqa,777,train
finqa,1068,train
finqa,960,train
finqa,647,train
finqa,1012,train
finqa,824,train
finqa,12,train
finqa,552,train
finqa,458,train
finqa,601,train
finqa,838,train
finqa,341,train
finqa,368,train
finqa,122,train
finqa,760,train
finqa,619,train
finqa,469,train
finqa,744,train
finqa,905,train
finqa,788,train
finqa,474,train
finqa,842,train
finqa,454,train
finqa,1045,train
finqa,803,train
finqa,190,train
finqa,453,train
finqa,592,train
finqa,429,train
finqa,740,train
finqa,388,train
finqa,175,train
finqa,909,train
finqa,681,train
finqa,450,train
finqa,786,train
finqa,655,train
finqa,711,train
finqa,985,train
finqa,85,train
finqa,1129,train
finqa,910,train
finqa,894,train
finqa,384,train
finqa,295,train
finqa,713,train
finqa,1073,train
finqa,464,train
finqa,378,train
finqa,164,train
finqa,1128,train
finqa,206,train
finqa,867,train
finqa,855,train
finqa,1111,train
finqa,228,train
finqa,1046,train
finqa,709,train
finqa,73,train
finqa,178,train
finqa,1139,train
finqa,387,train
finqa,331,train
finqa,608,train
finqa,871,train
finqa,734,train
finqa,614,train
finqa,821,train
finqa,656,train
finqa,520,train
finqa,403,train
finqa,1023,train
finqa,720,train
finqa,44,train
finqa,572,train
finqa,866,train
finqa,1004,train
finqa,321,train
finqa,410,train
finqa,992,train
finqa,1143,train
finqa,56,train
finqa,412,train
finqa,343,train
finqa,240,train
finqa,1064,train
finqa,371,train
finqa,13,train
finqa,701,train
finqa,540,train
finqa,698,train
finqa,267,train
finqa,277,train
finqa,307,train
finqa,24,train
finqa,571,train
finqa,903,train
finqa,1021,train
finqa,728,train
finqa,154,train
finqa,541,train
finqa,884,train
finqa,220,train
finqa,880,train
finqa,1136,train
finqa,1109,train
finqa,100,train
finqa,975,train
finqa,680,train
finqa,915,train
finqa,489,train
finqa,109,train
finqa,329,train
finqa,38,train
finqa,932,train
finqa,77,train
finqa,549,train
finqa,424,train
finqa,186,train
finqa,997,train
finqa,1072,train
finqa,222,train
finqa,872,train
finqa,116,train
finqa,829,train
finqa,757,train
finqa,379,train
finqa,994,train
finqa,667,train
finqa,596,train
finqa,1140,train
finqa,661,train
finqa,816,train
finqa,224,train
finqa,171,train
finqa,486,train
finqa,672,train
finqa,574,train
finqa,789,train
finqa,950,train
finqa,1033,train
finqa,579,train
finqa,858,train
finqa,282,train
finqa,1113,train
finqa,1022,train
finqa,512,train
finqa,408,train
finqa,177,train
finqa,835,train
finqa,58,train
finqa,822,train
finqa,493,train
finqa,939,train
finqa,306,train
finqa,299,train
finqa,427,train
finqa,999,train
finqa,813,train
finqa,42,train
finqa,133,train
finqa,869,train
finqa,124,train
finqa,902,train
finqa,1,train
finqa,815,train
finqa,922,train
finqa,1047,train
finqa,779,train
finqa,523,train
finqa,719,train
finqa,763,train
finqa,471,train
finqa,216,train
finqa,1016,train
finqa,652,train
finqa,98,train
finqa,491,train
finqa,1035,train
finqa,1034,train
finqa,60,train
finqa,758,train
finqa,529,train
finqa,953,train
finqa,669,train
finqa,505,train
finqa,312,train
finqa,892,train
finqa,274,train
finqa,548,train
finqa,285,train
finqa,120,train
finqa,797,train
finqa,509,train
finqa,413,train
finqa,557,train
finqa,35,train
finqa,958,train
finqa,266,train
finqa,316,train
finqa,679,train
finqa,456,train
finqa,1036,train
finqa,1056,train
finqa,421,train
finqa,846,train
finqa,581,train
finqa,141,train
finqa,80,train
finqa,372,train
finqa,113,train
finqa,442,train
finqa,189,train
finqa,584,train
finqa,968,train
finqa,591,train
finqa,390,train
finqa,796,train
finqa,626,train
finqa,366,train
finqa,687,train
finqa,207,train
finqa,559,train
finqa,411,train
finqa,1079,train
finqa,480,train
finqa,1107,train
finqa,257,train
finqa,139,train
finqa,1006,train
finqa,840,train
finqa,256,train
finqa,611,train
finqa,82,train
finqa,911,train
finqa,308,train
finqa,635,train
finqa,575,train
finqa,473,train
finqa,183,train
finqa,185,train
finqa,152,train
finqa,962,train
finqa,94,train
finqa,586,train
finqa,163,train
finqa,1145,train
finqa,954,train
finqa,323,train
finqa,6,train
finqa,978,train
finqa,487,train
finqa,248,train
finqa,898,train
finqa,47,train
finqa,72,train
finqa,761,train
finqa,121,train
finqa,1061,train
finqa,33,train
finqa,853,train
finqa,688,train
finqa,226,train
finqa,392,train
finqa,125,train
finqa,1024,train
finqa,313,train
finqa,140,train
finqa,759,train
finqa,108,train
finqa,1053,train
finqa,39,train
finqa,50,train
finqa,641,train
finqa,918,train
finqa,516,train
finqa,772,train
finqa,792,train
finqa,7,train
finqa,643,train
finqa,708,train
finqa,649,train
finqa,1007,train
finqa,298,train
finqa,639,train
finqa,640,train
finqa,747,train
finqa,170,train
finqa,784,train
finqa,184,train
finqa,382,train
finqa,969,train
finqa,674,train
finqa,65,train
finqa,595,train
finqa,1117,train
finqa,949,train
finqa,919,train
finqa,717,train
finqa,479,train
finqa,756,train
finqa,561,train
finqa,854,train
finqa,155,train
finqa,533,train
finqa,465,train
finqa,521,train
finqa,906,train
finqa,794,train
finqa,16,train
finqa,925,train
finqa,833,train
finqa,326,train
finqa,1135,train
finqa,896,train
finqa,646,train
finqa,532,train
finqa,535,train
finqa,376,train
finqa,490,train
finqa,181,train
finqa,771,train
finqa,660,train
finqa,942,train
finqa,921,train
finqa,753,train
finqa,250,train
finqa,621,train
finqa,272,train
finqa,162,train
finqa,923,train
finqa,261,train
finqa,439,train
finqa,888,train
finqa,434,train
finqa,1083,train
finqa,773,train
finqa,1001,train
finqa,580,train
finqa,492,train
finqa,678,train
finqa,593,train
finqa,166,train
finqa,311,train
finqa,627,train
finqa,127,train
finqa,605,train
finqa,690,train
finqa,878,train
finqa,208,train
finqa,1005,train
finqa,425,train
finqa,560,train
finqa,952,train
finqa,623,train
finqa,633,train
finqa,692,train
finqa,327,train
finqa,718,train
finqa,934,train
finqa,517,train
finqa,732,train
finqa,48,train
finqa,989,train
finqa,702,train
finqa,1087,train
finqa,156,train
finqa,536,train
finqa,70,train
finqa,881,train
finqa,361,train
finqa,1116,train
finqa,1025,train
finqa,700,train
finqa,344,train
finqa,161,train
finqa,28,train
finqa,66,train
finqa,287,train
finqa,1069,train
finqa,996,train
finqa,289,train
finqa,650,train
finqa,1029,train
finqa,126,train
finqa,258,train
finqa,105,train
finqa,422,train
finqa,528,train
finqa,510,train
finqa,817,train
finqa,1002,train
finqa,88,train
finqa,485,train
finqa,632,train
finqa,697,train
finqa,628,train
finqa,916,train
finqa,806,train
finqa,812,train
finqa,550,train
finqa,848,train
finqa,223,train
finqa,167,train
finqa,43,train
finqa,229,train
finqa,653,train
finqa,1020,train
finqa,145,train
finqa,729,train
finqa,18,train
finqa,451,train
finqa,374,train
finqa,955,train
finqa,87,train
finqa,278,train
finqa,590,train
finqa,839,train
finqa,293,train
finqa,46,train
finqa,123,train
finqa,769,train
finqa,89,train
finqa,84,train
finqa,150,train
finqa,271,train
finqa,524,train
finqa,577,train
finqa,504,train
finqa,215,train
finqa,238,train
finqa,205,train
finqa,675,train
finqa,920,train
finqa,795,train
finqa,963,train
finqa,1092,train
finqa,767,train
finqa,893,train
finqa,381,train
finqa,877,train
finqa,1030,train
finqa,827,train
finqa,342,train
finqa,30,train
finqa,118,train
finqa,414,train
finqa,363,train
finqa,1051,train
finqa,180,train
finqa,1040,train
finqa,1052,train
finqa,21,train
finqa,945,train
finqa,984,train
finqa,762,train
finqa,703,train
finqa,545,train
finqa,383,train
finqa,233,train
finqa,722,train
finqa,328,train
finqa,723,train
finqa,79,train
finqa,242,train
finqa,1044,train
finqa,192,train
finqa,496,train
finqa,790,train
finqa,234,train
finqa,476,train
finqa,599,train
finqa,68,train
finqa,237,train
finqa,691,train
finqa,644,train
finqa,36,train
finqa,715,train
finqa,131,train
finqa,1048,train
finqa,598,train
finqa,764,train
finqa,585,train
finqa,385,train
finqa,315,train
finqa,845,train
finqa,1122,train
finqa,895,train
finqa,820,train
finqa,594,train
finqa,67,train
finqa,987,train
finqa,751,train
finqa,1042,train
finqa,300,train
finqa,1065,train
finqa,1050,train
finqa,428,train
finqa,514,train
finqa,1105,train
finqa,83,train
finqa,389,train
finqa,358,train
finqa,602,train
finqa,696,train
finqa,253,train
finqa,864,train
finqa,265,train
finqa,217,train
finqa,1121,train
finqa,136,train
finqa,147,train
finqa,859,train
finqa,279,train
finqa,179,train
finqa,114,train
finqa,291,train
finqa,937,train
finqa,314,train
finqa,609,train
finqa,104,train
finqa,1060,train
finqa,260,train
finqa,193,train
finqa,742,train
finqa,364,train
finqa,1018,train
finqa,34,train
finqa,398,train
finqa,106,train
finqa,11,train
finqa,199,train
finqa,391,train
finqa,1008,train
finqa,477,train
finqa,929,train
finqa,677,train
finqa,351,train
finqa,481,train
finqa,568,train
finqa,14,train
finqa,433,train
finqa,478,train
finqa,808,train
finqa,1011,train
finqa,1062,train
finqa,578,train
finqa,933,train
finqa,810,train
finqa,515,train
finqa,1010,train
finqa,807,train
finqa,409,train
finqa,501,train
finqa,959,train
finqa,71,train
finqa,1074,train
finqa,283,train
finqa,832,train
finqa,974,train
finqa,254,train
finqa,1031,train
finqa,318,train
finqa,86,train
finqa,547,train
finqa,255,train
finqa,168,train
finqa,770,train
finqa,117,train
finqa,752,train
finqa,936,train
finqa,406,train
finqa,1101,train
finqa,543,train
finqa,525,train
finqa,377,train
finqa,755,train
finqa,791,train
finqa,76,train
finqa,566,train
finqa,554,train
finqa,497,train
finqa,995,train
finqa,851,train
finqa,221,train
finqa,324,train
finqa,1049,train
finqa,17,train
finqa,606,train
finqa,546,train
finqa,818,train
finqa,99,train
finqa,197,train
finqa,684,train
finqa,415,train
finqa,1082,train
finqa,158,train
finqa,645,train
finqa,1146,train
finqa,64,train
finqa,320,train
finqa,804,train
finqa,1106,train
finqa,144,train
finqa,142,train
finqa,19,train
finqa,1019,train
finqa,107,train
finqa,1077,train
finqa,466,train
finqa,610,train
finqa,629,train
finqa,736,train
finqa,288,train
finqa,673,train
finqa,948,train
finqa,1127,train
finqa,62,train
finqa,781,train
finqa,137,train
finqa,55,train
finqa,721,train
finqa,607,train
finqa,452,train
finqa,662,train
finqa,785,train
finqa,269,train
finqa,1039,train
finqa,59,train
finqa,865,train
finqa,340,train
finqa,468,train
finqa,850,train
finqa,61,train
finqa,275,train
finqa,1119,train
finqa,860,train
finqa,475,train
finqa,1066,train
finqa,110,train
finqa,731,train
finqa,670,train
finqa,182,train
finqa,648,train
finqa,339,train
finqa,252,train
finqa,778,train
finqa,612,train
finqa,160,train
finqa,617,val
finqa,111,val
finqa,1095,val
finqa,636,val
finqa,202,val
finqa,482,val
finqa,499,val
finqa,971,val
finqa,986,val
finqa,337,val
finqa,766,val
finqa,402,val
finqa,1078,val
finqa,362,val
finqa,537,val
finqa,982,val
finqa,847,val
finqa,981,val
finqa,534,val
finqa,297,val
finqa,879,val
finqa,380,val
finqa,555,val
finqa,686,val
finqa,355,val
finqa,303,val
finqa,370,val
finqa,90,val
finqa,41,val
finqa,1043,val
finqa,1009,val
finqa,1137,val
finqa,347,val
finqa,213,val
finqa,296,val
finqa,459,val
finqa,522,val
finqa,730,val
finqa,231,val
finqa,1059,val
finqa,765,val
finqa,1000,val
finqa,1028,val
finqa,563,val
finqa,249,val
finqa,1037,val
finqa,483,val
finqa,1071,val
finqa,565,val
finqa,874,val
finqa,353,val
finqa,616,val
finqa,438,val
finqa,96,val
finqa,57,val
finqa,153,val
finqa,597,val
finqa,811,val
finqa,420,val
finqa,857,val
finqa,749,val
finqa,622,val
finqa,1094,val
finqa,558,val
finqa,1147,val
finqa,1120,val
finqa,472,val
finqa,1097,val
finqa,51,val
finqa,899,val
finqa,128,val
finqa,386,val
finqa,286,val
finqa,246,val
finqa,367,val
finqa,885,val
finqa,683,val
finqa,23,val
finqa,983,val
finqa,828,val
finqa,714,val
finqa,138,val
finqa,49,val
finqa,365,val
finqa,1114,val
finqa,695,val
finqa,834,val
finqa,657,val
finqa,405,val
finqa,20,val
finqa,940,val
finqa,1138,val
finqa,998,val
finqa,620,val
finqa,264,val
finqa,739,val
finqa,103,val
finqa,1134,val
finqa,685,val
finqa,973,val
finqa,930,val
finqa,526,val
finqa,26,val
finqa,1084,val
finqa,284,val
finqa,926,val
finqa,863,val
finqa,746,val
finqa,132,val
finqa,600,val
finqa,498,val
finqa,634,val
finqa,394,val
finqa,531,val
finqa,527,val
finqa,544,val
finqa,1125,val
finqa,754,val
finqa,281,val
finqa,876,val
finqa,95,val
finqa,81,val
finqa,904,val
finqa,334,val
finqa,37,val
finqa,676,val
finqa,836,val
finqa,689,val
finqa,889,val
finqa,801,val
finqa,694,val
finqa,743,val
finqa,194,val
finqa,27,val
finqa,461,val
finqa,146,val
finqa,176,val
finqa,883,val
finqa,707,val
finqa,1085,val
finqa,562,val
finqa,993,val
finqa,814,val
finqa,356,val
finqa,1098,val
finqa,437,val
finqa,538,val
finqa,1055,val
finqa,556,val
finqa,211,val
finqa,882,val
finqa,1027,val
finqa,943,val
finqa,1099,val
finqa,119,val
finqa,494,val
finqa,305,val
finqa,354,val
finqa,530,val
finqa,101,val
finqa,52,val
finqa,268,val
finqa,191,val
finqa,470,val
finqa,440,val
finqa,436,val
finqa,346,val
finqa,809,val
finqa,102,val
finqa,1131,val
finqa,890,val
finqa,9,val
finqa,519,val
finqa,302,val
finqa,745,val
finqa,844,val
finqa,404,val
finqa,604,val
finqa,913,val
finqa,348,val
finqa,31,val
finqa,227,val
finqa,92,val
finqa,891,val
finqa,375,val
finqa,1081,val
finqa,2,val
finqa,843,val
finqa,112,val
finqa,350,val
finqa,887,val
finqa,1118,val
finqa,654,val
finqa,1017,val
finqa,290,val
finqa,219,val
finqa,979,val
finqa,1070,val
finqa,699,val
finqa,1015,val
finqa,236,val
finqa,1014,val
finqa,780,val
finqa,951,val
finqa,301,val
finqa,589,val
finqa,148,val
finqa,849,val
finqa,441,val
finqa,294,val
finqa,1102,val
finqa,798,val
finqa,444,val
finqa,966,val
finqa,423,val
finqa,214,val
finqa,957,val
finqa,625,val
finqa,443,val
finqa,716,val
finqa,793,val
finqa,241,val
finqa,935,val
finqa,5,val
finqa,135,val
finqa,174,val
finqa,663,val
finqa,976,val
finqa,1089,val
finqa,1003,test
finqa,1091,test
finqa,738,test
finqa,259,test
finqa,826,test
finqa,196,test
finqa,225,test
finqa,22,test
finqa,373,test
finqa,1026,test
finqa,165,test
finqa,360,test
finqa,230,test
finqa,1013,test
finqa,972,test
finqa,204,test
finqa,1123,test
finqa,682,test
finqa,924,test
finqa,588,test
finqa,325,test
finqa,418,test
finqa,1058,test
finqa,518,test
finqa,868,test
finqa,710,test
finqa,928,test
finqa,1142,test
finqa,449,test
finqa,445,test
finqa,173,test
finqa,1088,test
finqa,582,test
finqa,447,test
finqa,658,test
finqa,149,test
finqa,870,test
finqa,1100,test
finqa,426,test
finqa,664,test
finqa,1067,test
finqa,29,test
finqa,964,test
finqa,502,test
finqa,397,test
finqa,1132,test
finqa,666,test
finqa,40,test
finqa,775,test
finqa,270,test
finqa,1112,test
finqa,335,test
finqa,570,test
finqa,419,test
finqa,551,test
finqa,4,test
finqa,1080,test
finqa,345,test
finqa,157,test
finqa,802,test
finqa,768,test
finqa,630,test
finqa,988,test
finqa,1144,test
finqa,1141,test
finqa,1076,test
finqa,247,test
finqa,553,test
finqa,805,test
finqa,841,test
finqa,91,test
finqa,1075,test
finqa,1115,test
finqa,750,test
finqa,977,test
finqa,200,test
finqa,727,test
finqa,1130,test
finqa,333,test
finqa,129,test
finqa,875,test
finqa,187,test
finqa,946,test
finqa,965,test
finqa,837,test
finqa,819,test
finqa,349,test
finqa,430,test
finqa,990,test
finqa,800,test
finqa,32,test
finqa,861,test
finqa,782,test
finqa,1093,test
finqa,218,test
finqa,799,test
finqa,569,test
finqa,262,test
finqa,400,test
finqa,393,test
finqa,330,test
finqa,733,test
finqa,651,test
finqa,825,test
finqa,1063,test
finqa,25,test
finqa,831,test
finqa,188,test
finqa,280,test
finqa,159,test
finqa,3,test
finqa,897,test
finqa,169,test
finqa,1057,test
finqa,198,test
finqa,203,test
finqa,737,test
finqa,912,test
finqa,774,test
finqa,143,test
finqa,273,test
finqa,624,test
finqa,941,test
finqa,399,test
finqa,309,test
finqa,573,test
finqa,93,test
finqa,511,test
finqa,1103,test
finqa,263,test
finqa,991,test
finqa,457,test
finqa,1096,test
finqa,352,test
finqa,460,test
finqa,8,test
finqa,15,test
finqa,693,test
finqa,54,test
finqa,508,test
finqa,201,test
finqa,210,test
finqa,251,test
finqa,78,test
finqa,97,test
finqa,980,test
finqa,724,test
finqa,539,test
finqa,567,test
finqa,908,test
finqa,873,test
finqa,212,test
finqa,369,test
finqa,907,test
finqa,583,test
finqa,336,test
finqa,276,test
finqa,1032,test
finqa,304,test
finqa,787,test
finqa,488,test
finqa,1054,test
finqa,172,test
finqa,244,test
finqa,431,test
finqa,484,test
finqa,317,test
finqa,665,test
finqa,243,test
finqa,69,test
finqa,631,test
finqa,359,test
finqa,783,test
finqa,587,test
finqa,856,test
finqa,659,test
finqa,615,test
finqa,938,test
finqa,506,test
finqa,292,test
finqa,503,test
finqa,395,test
finqa,823,test
finqa,1090,test
finqa,319,test
finqa,448,test
finqa,618,test
finqa,463,test
finqa,467,test
finqa,235,test
finqa,1108,test
finqa,970,test
finqa,901,test
finqa,852,test
finqa,748,test
finqa,967,test
finqa,914,test
finqa,726,test
finqa,1104,test
finqa,401,test
finqa,642,test
finqa,947,test
finqa,603,test
finqa,741,test
finqa,542,test
finqa,944,test
finqa,151,test
finqa,455,test
finqa,927,test
finqa,396,test
finqa,862,test
finqa,432,test
finqa,735,test
finqa,500,test
finqa,576,test
finqa,338,test
finqa,195,test
finqa,130,test
finqa,712,test
finqa,513,test
finqa,407,test
finqa,310,test
finqa,931,test
finqa,1124,test
finqa,1038,test
finqa,668,test
finqa,507,test
finqa,245,test
finqa,417,test
finqa,209,test
livecodebench,651,train
livecodebench,875,train
livecodebench,228,train
livecodebench,332,train
livecodebench,748,train
livecodebench,838,train
livecodebench,503,train
livecodebench,890,train
livecodebench,197,train
livecodebench,473,train
livecodebench,836,train
livecodebench,1041,train
livecodebench,859,train
livecodebench,628,train
livecodebench,588,train
livecodebench,304,train
livecodebench,490,train
livecodebench,128,train
livecodebench,849,train
livecodebench,984,train
livecodebench,316,train
livecodebench,458,train
livecodebench,563,train
livecodebench,502,train
livecodebench,833,train
livecodebench,339,train
livecodebench,1024,train
livecodebench,655,train
livecodebench,515,train
livecodebench,730,train
livecodebench,43,train
livecodebench,376,train
livecodebench,488,train
livecodebench,92,train
livecodebench,830,train
livecodebench,288,train
livecodebench,513,train
livecodebench,407,train
livecodebench,977,train
livecodebench,1002,train
livecodebench,626,train
livecodebench,904,train
livecodebench,27,train
livecodebench,222,train
livecodebench,927,train
livecodebench,526,train
livecodebench,861,train
livecodebench,391,train
livecodebench,553,train
livecodebench,670,train
livecodebench,887,train
livecodebench,745,train
livecodebench,344,train
livecodebench,99,train
livecodebench,758,train
livecodebench,291,train
livecodebench,583,train
livecodebench,469,train
livecodebench,802,train
livecodebench,529,train
livecodebench,317,train
livecodebench,303,train
livecodebench,763,train
livecodebench,491,train
livecodebench,115,train
livecodebench,789,train
livecodebench,939,train
livecodebench,508,train
livecodebench,639,train
livecodebench,65,train
livecodebench,632,train
livecodebench,418,train
livecodebench,55,train
livecodebench,972,train
livecodebench,913,train
livecodebench,87,train
livecodebench,969,train
livecodebench,941,train
livecodebench,796,train
livecodebench,784,train
livecodebench,177,train
livecodebench,113,train
livecodebench,614,train
livecodebench,661,train
livecodebench,82,train
livecodebench,732,train
livecodebench,178,train
livecodebench,974,train
livecodebench,114,train
livecodebench,454,train
livecodebench,845,train
livecodebench,138,train
livecodebench,141,train
livecodebench,420,train
livecodebench,359,train
livecodebench,799,train
livecodebench,597,train
livecodebench,606,train
livecodebench,779,train
livecodebench,83,train
livecodebench,186,train
livecodebench,218,train
livecodebench,894,train
livecodebench,258,train
livecodebench,938,train
livecodebench,738,train
livecodebench,16,train
livecodebench,425,train
livecodebench,945,train
livecodebench,1032,train
livecodebench,163,train
livecodebench,148,train
livecodebench,824,train
livecodebench,337,train
livecodebench,5,train
livecodebench,760,train
livecodebench,687,train
livecodebench,555,train
livecodebench,470,train
livecodebench,351,train
livecodebench,122,train
livecodebench,284,train
livecodebench,552,train
livecodebench,978,train
livecodebench,652,train
livecodebench,63,train
livecodebench,698,train
livecodebench,634,train
livecodebench,703,train
livecodebench,865,train
livecodebench,973,train
livecodebench,516,train
livecodebench,917,train
livecodebench,851,train
livecodebench,967,train
livecodebench,980,train
livecodebench,374,train
livecodebench,544,train
livecodebench,439,train
livecodebench,301,train
livecodebench,885,train
livecodebench,10,train
livecodebench,347,train
livecodebench,322,train
livecodebench,610,train
livecodebench,336,train
livecodebench,360,train
livecodebench,175,train
livecodebench,720,train
livecodebench,782,train
livecodebench,946,train
livecodebench,410,train
livecodebench,48,train
livecodebench,364,train
livecodebench,551,train
livecodebench,562,train
livecodebench,459,train
livecodebench,300,train
livecodebench,848,train
livecodebench,673,train
livecodebench,690,train
livecodebench,385,train
livecodebench,992,train
livecodebench,1015,train
livecodebench,711,train
livecodebench,76,train
livecodebench,926,train
livecodebench,86,train
livecodebench,243,train
livecodebench,677,train
livecodebench,259,train
livecodebench,1055,train
livecodebench,116,train
livecodebench,183,train
livecodebench,246,train
livecodebench,713,train
livecodebench,643,train
livecodebench,1036,train
livecodebench,612,train
livecodebench,60,train
livecodebench,803,train
livecodebench,283,train
livecodebench,51,train
livecodebench,922,train
livecodebench,604,train
livecodebench,101,train
livecodebench,752,train
livecodebench,358,train
livecodebench,157,train
livecodebench,864,train
livecodebench,430,train
livecodebench,196,train
livecodebench,989,train
livecodebench,950,train
livecodebench,134,train
livecodebench,406,train
livecodebench,504,train
livecodebench,545,train
livecodebench,959,train
livecodebench,581,train
livecodebench,768,train
livecodebench,993,train
livecodebench,78,train
livecodebench,718,train
livecodebench,801,train
livecodebench,133,train
livecodebench,778,train
livecodebench,1022,train
livecodebench,633,train
livecodebench,184,train
livecodebench,262,train
livecodebench,935,train
livecodebench,366,train
livecodebench,522,train
livecodebench,656,train
livecodebench,475,train
livecodebench,937,train
livecodebench,381,train
livecodebench,156,train
livecodebench,928,train
livecodebench,905,train
livecodebench,932,train
livecodebench,422,train
livecodebench,421,train
livecodebench,648,train
livecodebench,940,train
livecodebench,520,train
livecodebench,962,train
livecodebench,595,train
livecodebench,145,train
livecodebench,71,train
livecodebench,139,train
livecodebench,64,train
livecodebench,169,train
livecodebench,528,train
livecodebench,194,train
livecodebench,209,train
livecodebench,996,train
livecodebench,432,train
livecodebench,309,train
livecodebench,311,train
livecodebench,1007,train
livecodebench,676,train
livecodebench,619,train
livecodebench,1023,train
livecodebench,61,train
livecodebench,375,train
livecodebench,142,train
livecodebench,216,train
livecodebench,536,train
livecodebench,770,train
livecodebench,681,train
livecodebench,124,train
livecodebench,831,train
livecodebench,208,train
livecodebench,369,train
livecodebench,165,train
livecodebench,743,train
livecodebench,675,train
livecodebench,191,train
livecodebench,450,train
livecodebench,373,train
livecodebench,240,train
livecodebench,786,train
livecodebench,739,train
livecodebench,279,train
livecodebench,305,train
livecodebench,413,train
livecodebench,825,train
livecodebench,14,train
livecodebench,182,train
livecodebench,591,train
livecodebench,181,train
livecodebench,153,train
livecodebench,445,train
livecodebench,147,train
livecodebench,842,train
livecodebench,249,train
livecodebench,255,train
livecodebench,256,train
livecodebench,135,train
livecodebench,769,train
livecodebench,231,train
livecodebench,468,train
livecodebench,229,train
livecodebench,149,train
livecodebench,329,train
livecodebench,971,train
livecodebench,81,train
livecodebench,565,train
livecodebench,395,train
livecodebench,805,train
livecodebench,952,train
livecodebench,792,train
livecodebench,440,train
livecodebench,223,train
livecodebench,212,train
livecodebench,130,train
livecodebench,535,train
livecodebench,810,train
livecodebench,990,train
livecodebench,155,train
livecodebench,918,train
livecodebench,217,train
livecodebench,1038,train
livecodebench,663,train
livecodebench,100,train
livecodebench,970,train
livecodebench,846,train
livecodebench,672,train
livecodebench,180,train
livecodebench,622,train
livecodebench,716,train
livecodebench,441,train
livecodebench,985,train
livecodebench,433,train
livecodebench,220,train
livecodebench,474,train
livecodebench,534,train
livecodebench,198,train
livecodebench,618,train
livecodebench,461,train
livecodebench,734,train
livecodebench,107,train
livecodebench,380,train
livecodebench,455,train
livecodebench,485,train
livecodebench,449,train
livecodebench,951,train
livecodebench,884,train
livecodebench,853,train
livecodebench,706,train
livecodebench,559,train
livecodebench,829,train
livecodebench,269,train
livecodebench,365,train
livecodebench,189,train
livecodebench,797,train
livecodebench,537,train
livecodebench,211,train
livecodebench,901,train
livecodebench,408,train
livecodebench,587,train
livecodebench,658,train
livecodebench,1030,train
livecodebench,674,train
livecodebench,693,train
livecodebench,117,train
livecodebench,903,train
livecodebench,94,train
livecodebench,320,train
livecodebench,1040,train
livecodebench,755,train
livecodebench,1008,train
livecodebench,343,train
livecodebench,95,train
livecodebench,751,train
livecodebench,125,train
livecodebench,467,train
livecodebench,519,train
livecodebench,599,train
livecodebench,869,train
livecodebench,1001,train
livecodebench,881,train
livecodebench,872,train
livecodebench,518,train
livecodebench,102,train
livecodebench,613,train
livecodebench,586,train
livecodebench,699,train
livecodebench,787,train
livecodebench,436,train
livecodebench,235,train
livecodebench,176,train
livecodebench,873,train
livecodebench,683,train
livecodebench,158,train
livecodebench,647,train
livecodebench,452,train
livecodebench,462,train
livecodebench,1000,train
livecodebench,192,train
livecodebench,934,train
livecodebench,1011,train
livecodebench,390,train
livecodebench,326,train
livecodebench,241,train
livecodebench,641,train
livecodebench,260,train
livecodebench,457,train
livecodebench,578,train
livecodebench,533,train
livecodebench,953,train
livecodebench,546,train
livecodebench,611,train
livecodebench,7,train
livecodebench,965,train
livecodebench,892,train
livecodebench,783,train
livecodebench,665,train
livecodebench,73,train
livecodebench,635,train
livecodebench,242,train
livecodebench,278,train
livecodebench,966,train
livecodebench,35,train
livecodebench,1018,train
livecodebench,1013,train
livecodebench,389,train
livecodebench,487,train
livecodebench,538,train
livecodebench,708,train
livecodebench,341,train
livecodebench,168,train
livecodebench,423,train
livecodebench,230,train
livecodebench,393,train
livecodebench,1035,train
livecodebench,266,train
livecodebench,1047,train
livecodebench,895,train
livecodebench,584,train
livecodebench,90,train
livecodebench,814,train
livecodebench,386,train
livecodebench,571,train
livecodebench,146,train
livecodebench,1034,train
livecodebench,679,train
livecodebench,968,train
livecodebench,850,train
livecodebench,678,train
livecodebench,464,train
livecodebench,70,train
livecodebench,1025,train
livecodebench,823,train
livecodebench,28,train
livecodebench,68,train
livecodebench,548,train
livecodebench,4,train
livecodebench,625,train
livecodebench,883,train
livecodebench,411,train
livecodebench,286,train
livecodebench,427,train
livecodebench,338,train
livecodebench,214,train
livecodebench,265,train
livecodebench,856,train
livecodebench,310,train
livecodebench,920,train
livecodebench,219,train
livecodebench,788,train
livecodebench,1039,train
livecodebench,695,train
livecodebench,493,train
livecodebench,729,train
livecodebench,174,train
livecodebench,31,train
livecodebench,80,train
livecodebench,161,train
livecodebench,1031,train
livecodebench,132,train
livecodebench,684,train
livecodebench,17,train
livecodebench,480,train
livecodebench,498,train
livecodebench,388,train
livecodebench,173,train
livecodebench,593,train
livecodebench,293,train
livecodebench,405,train
livecodebench,979,train
livecodebench,1046,train
livecodebench,164,train
livecodebench,40,train
livecodebench,1009,train
livecodebench,1004,train
livecodebench,297,train
livecodebench,453,train
livecodebench,662,train
livecodebench,653,train
livecodebench,741,train
livecodebench,91,train
livecodebench,719,train
livecodebench,1016,train
livecodebench,929,train
livecodebench,532,train
livecodebench,307,train
livecodebench,46,train
livecodebench,404,train
livecodebench,893,train
livecodebench,766,train
livecodebench,923,train
livecodebench,355,train
livecodebench,497,train
livecodebench,402,train
livecodebench,34,train
livecodebench,15,train
livecodebench,451,train
livecodebench,1006,train
livecodebench,271,train
livecodebench,900,train
livecodebench,252,train
livecodebench,822,train
livecodebench,982,train
livecodebench,435,train
livecodebench,127,train
livecodebench,144,train
livecodebench,657,train
livecodebench,640,train
livecodebench,72,train
livecodebench,1005,train
livecodebench,248,train
livecodebench,567,train
livecodebench,659,train
livecodebench,499,train
livecodebench,624,train
livecodebench,759,train
livecodebench,22,train
livecodebench,185,train
livecodebench,955,train
livecodebench,11,train
livecodebench,807,train
livecodebench,234,train
livecodebench,911,train
livecodebench,542,train
livecodebench,991,train
livecodebench,414,train
livecodebench,394,train
livecodebench,806,train
livecodebench,667,train
livecodebench,486,train
livecodebench,434,train
livecodebench,195,train
livecodebench,702,train
livecodebench,501,train
livecodebench,556,train
livecodebench,776,train
livecodebench,689,train
livecodebench,335,train
livecodebench,227,train
livecodebench,660,train
livecodebench,692,train
livecodebench,834,train
livecodebench,828,train
livecodebench,798,train
livecodebench,12,train
livecodebench,257,train
livecodebench,704,train
livecodebench,775,train
livecodebench,224,train
livecodebench,981,train
livecodebench,275,train
livecodebench,721,train
livecodebench,857,train
livecodebench,589,train
livecodebench,50,train
livecodebench,790,train
livecodebench,744,train
livecodebench,330,train
livecodebench,608,train
livecodebench,726,train
livecodebench,221,train
livecodebench,600,train
livecodebench,313,train
livecodebench,811,train
livecodebench,527,train
livecodebench,9,train
livecodebench,1017,train
livecodebench,150,train
livecodebench,780,train
livecodebench,852,train
livecodebench,999,train
livecodebench,84,train
livecodebench,837,train
livecodebench,294,train
livecodebench,572,train
livecodebench,705,train
livecodebench,1048,train
livecodebench,569,train
livecodebench,724,train
livecodebench,646,train
livecodebench,607,train
livecodebench,523,train
livecodebench,398,train
livecodebench,1045,train
livecodebench,963,train
livecodebench,348,train
livecodebench,233,train
livecodebench,882,train
livecodebench,1028,train
livecodebench,772,train
livecodebench,56,train
livecodebench,808,train
livecodebench,960,train
livecodebench,270,train
livecodebench,446,train
livecodebench,701,train
livecodebench,1051,train
livecodebench,680,train
livecodebench,756,train
livecodebench,615,train
livecodebench,879,train
livecodebench,947,train
livecodebench,617,train
livecodebench,437,train
livecodebench,254,train
livecodebench,171,train
livecodebench,268,train
livecodebench,781,train
livecodebench,69,train
livecodebench,325,train
livecodebench,722,train
livecodebench,898,train
livecodebench,666,train
livecodebench,594,train
livecodebench,496,train
livecodebench,627,train
livecodebench,112,train
livecodebench,203,train
livecodebench,121,train
livecodebench,554,train
livecodebench,1,train
livecodebench,682,train
livecodebench,1026,train
livecodebench,26,train
livecodebench,921,train
livecodebench,575,train
livecodebench,910,train
livecodebench,32,train
livecodebench,907,train
livecodebench,909,train
livecodebench,53,val
livecodebench,75,val
livecodebench,688,val
livecodebench,49,val
livecodebench,733,val
livecodebench,379,val
livecodebench,363,val
livecodebench,746,val
livecodebench,795,val
livecodebench,988,val
livecodebench,638,val
livecodebench,21,val
livecodebench,424,val
livecodebench,728,val
livecodebench,858,val
livecodebench,403,val
livecodebench,1033,val
livecodebench,188,val
livecodebench,1050,val
livecodebench,691,val
livecodebench,1014,val
livecodebench,685,val
livecodebench,835,val
livecodebench,827,val
livecodebench,460,val
livecodebench,557,val
livecodebench,868,val
livecodebench,517,val
livecodebench,888,val
livecodebench,645,val
livecodebench,531,val
livecodebench,582,val
livecodebench,159,val
livecodebench,247,val
livecodebench,867,val
livecodebench,215,val
livecodebench,200,val
livecodebench,694,val
livecodebench,167,val
livecodebench,45,val
livecodebench,942,val
livecodebench,654,val
livecodebench,949,val
livecodebench,761,val
livecodebench,463,val
livecodebench,179,val
livecodebench,213,val
livecodebench,592,val
livecodebench,605,val
livecodebench,603,val
livecodebench,334,val
livecodebench,818,val
livecodebench,431,val
livecodebench,854,val
livecodebench,93,val
livecodebench,715,val
livecodebench,478,val
livecodebench,384,val
livecodebench,574,val
livecodebench,210,val
livecodebench,392,val
livecodebench,52,val
livecodebench,415,val
livecodebench,315,val
livecodebench,205,val
livecodebench,377,val
livecodebench,106,val
livecodebench,696,val
livecodebench,482,val
livecodebench,327,val
livecodebench,187,val
livecodebench,321,val
livecodebench,558,val
livecodebench,109,val
livecodebench,103,val
livecodebench,793,val
livecodebench,912,val
livecodebench,727,val
livecodebench,41,val
livecodebench,819,val
livecodebench,773,val
livecodebench,997,val
livecodebench,549,val
livecodebench,707,val
livecodebench,416,val
livecodebench,566,val
livecodebench,206,val
livecodebench,54,val
livecodebench,697,val
livecodebench,33,val
livecodebench,860,val
livecodebench,308,val
livecodebench,67,val
livecodebench,735,val
livecodebench,29,val
livecodebench,750,val
livecodebench,987,val
livecodebench,813,val
livecodebench,483,val
livecodebench,23,val
livecodebench,232,val
livecodebench,1020,val
livecodebench,1029,val
livecodebench,948,val
livecodebench,412,val
livecodebench,870,val
livecodebench,123,val
livecodebench,277,val
livecodebench,507,val
livecodebench,986,val
livecodebench,120,val
livecodebench,908,val
livecodebench,817,val
livecodebench,841,val
livecodebench,151,val
livecodebench,444,val
livecodebench,74,val
livecodebench,331,val
livecodebench,238,val
livecodebench,290,val
livecodebench,324,val
livecodebench,152,val
livecodebench,747,val
livecodebench,809,val
livecodebench,24,val
livecodebench,844,val
livecodebench,245,val
livecodebench,1003,val
livecodebench,199,val
livecodebench,816,val
livecodebench,272,val
livecodebench,994,val
livecodebench,736,val
livecodebench,943,val
livecodebench,118,val
livecodebench,1044,val
livecodebench,620,val
livecodebench,295,val
livecodebench,244,val
livecodebench,62,val
livecodebench,201,val
livecodebench,131,val
livecodebench,426,val
livecodebench,323,val
livecodebench,1037,val
livecodebench,314,val
livecodebench,370,val
livecodebench,958,val
livecodebench,637,val
livecodebench,550,val
livecodebench,494,val
livecodebench,757,val
livecodebench,602,val
livecodebench,765,val
livecodebench,409,val
livecodebench,466,val
livecodebench,207,val
livecodebench,540,val
livecodebench,521,val
livecodebench,105,val
livecodebench,59,val
livecodebench,20,val
livecodebench,902,val
livecodebench,353,val
livecodebench,590,val
livecodebench,481,val
livecodebench,560,val
livecodebench,1049,val
livecodebench,417,val
livecodebench,285,val
livecodebench,725,val
livecodebench,855,val
livecodebench,762,val
livecodebench,510,val
livecodebench,525,val
livecodebench,108,val
livecodebench,328,val
livecodebench,944,val
livecodebench,1010,val
livecodebench,2,val
livecodebench,915,val
livecodebench,749,val
livecodebench,621,val
livecodebench,1021,val
livecodebench,479,val
livecodebench,371,val
livecodebench,821,val
livecodebench,237,val
livecodebench,162,val
livecodebench,354,val
livecodebench,306,val
livecodebench,340,val
livecodebench,250,val
livecodebench,916,val
livecodebench,136,val
livecodebench,650,val
livecodebench,543,val
livecodebench,568,val
livecodebench,281,val
livecodebench,876,val
livecodebench,299,val
livecodebench,160,val
livecodebench,1027,val
livecodebench,129,val
livecodebench,140,val
livecodebench,956,val
livecodebench,585,val
livecodebench,202,val
livecodebench,767,val
livecodebench,193,val
livecodebench,276,val
livecodebench,261,test
livecodebench,623,test
livecodebench,777,test
livecodebench,226,test
livecodebench,282,test
livecodebench,438,test
livecodebench,785,test
livecodebench,289,test
livecodebench,723,test
livecodebench,573,test
livecodebench,477,test
livecodebench,172,test
livecodebench,110,test
livecodebench,512,test
livecodebench,998,test
livecodebench,862,test
livecodebench,742,test
livecodebench,878,test
livecodebench,642,test
livecodebench,345,test
livecodebench,601,test
livecodebench,119,test
livecodebench,312,test
livecodebench,8,test
livecodebench,367,test
livecodebench,644,test
livecodebench,714,test
livecodebench,143,test
livecodebench,292,test
livecodebench,396,test
livecodebench,19,test
livecodebench,753,test
livecodebench,576,test
livecodebench,399,test
livecodebench,387,test
livecodebench,1052,test
livecodebench,37,test
livecodebench,253,test
livecodebench,530,test
livecodebench,863,test
livecodebench,539,test
livecodebench,239,test
livecodebench,740,test
livecodebench,274,test
livecodebench,13,test
livecodebench,820,test
livecodebench,442,test
livecodebench,356,test
livecodebench,812,test
livecodebench,924,test
livecodebench,39,test
livecodebench,914,test
livecodebench,629,test
livecodebench,580,test
livecodebench,961,test
livecodebench,273,test
livecodebench,832,test
livecodebench,891,test
livecodebench,495,test
livecodebench,609,test
livecodebench,511,test
livecodebench,847,test
livecodebench,889,test
livecodebench,401,test
livecodebench,350,test
livecodebench,509,test
livecodebench,717,test
livecodebench,700,test
livecodebench,447,test
livecodebench,361,test
livecodebench,42,test
livecodebench,1012,test
livecodebench,815,test
livecodebench,346,test
livecodebench,754,test
livecodebench,616,test
livecodebench,1019,test
livecodebench,38,test
livecodebench,443,test
livecodebench,89,test
livecodebench,964,test
livecodebench,906,test
livecodebench,97,test
livecodebench,352,test
livecodebench,649,test
livecodebench,976,test
livecodebench,267,test
livecodebench,925,test
livecodebench,826,test
livecodebench,995,test
livecodebench,111,test
livecodebench,896,test
livecodebench,383,test
livecodebench,933,test
livecodebench,1054,test
livecodebench,166,test
livecodebench,668,test
livecodebench,919,test
livecodebench,579,test
livecodebench,1042,test
livecodebench,524,test
livecodebench,204,test
livecodebench,368,test
livecodebench,669,test
livecodebench,190,test
livecodebench,930,test
livecodebench,871,test
livecodebench,564,test
livecodebench,57,test
livecodebench,671,test
livecodebench,541,test
livecodebench,319,test
livecodebench,264,test
livecodebench,126,test
livecodebench,296,test
livecodebench,800,test
livecodebench,342,test
livecodebench,492,test
livecodebench,456,test
livecodebench,18,test
livecodebench,804,test
livecodebench,429,test
livecodebench,1043,test
livecodebench,476,test
livecodebench,712,test
livecodebench,397,test
livecodebench,170,test
livecodebench,839,test
livecodebench,36,test
livecodebench,709,test
livecodebench,630,test
livecodebench,66,test
livecodebench,77,test
livecodebench,737,test
livecodebench,280,test
livecodebench,154,test
livecodebench,598,test
livecodebench,88,test
livecodebench,362,test
livecodebench,931,test
livecodebench,877,test
livecodebench,400,test
livecodebench,505,test
livecodebench,547,test
livecodebench,236,test
livecodebench,318,test
livecodebench,636,test
livecodebench,664,test
livecodebench,897,test
livecodebench,899,test
livecodebench,419,test
livecodebench,96,test
livecodebench,98,test
livecodebench,880,test
livecodebench,378,test
livecodebench,874,test
livecodebench,710,test
livecodebench,731,test
livecodebench,983,test
livecodebench,263,test
livecodebench,957,test
livecodebench,471,test
livecodebench,3,test
livecodebench,489,test
livecodebench,357,test
livecodebench,30,test
livecodebench,298,test
livecodebench,104,test
livecodebench,500,test
livecodebench,631,test
livecodebench,382,test
livecodebench,44,test
livecodebench,561,test
livecodebench,251,test
livecodebench,6,test
livecodebench,302,test
livecodebench,428,test
livecodebench,843,test
livecodebench,791,test
livecodebench,137,test
livecodebench,596,test
livecodebench,764,test
livecodebench,1053,test
livecodebench,577,test
livecodebench,886,test
livecodebench,465,test
livecodebench,975,test
livecodebench,506,test
livecodebench,866,test
livecodebench,47,test
livecodebench,686,test
livecodebench,484,test
livecodebench,333,test
livecodebench,936,test
livecodebench,372,test
livecodebench,79,test
livecodebench,771,test
livecodebench,85,test
livecodebench,225,test
livecodebench,25,test
livecodebench,448,test
livecodebench,840,test
livecodebench,954,test
livecodebench,514,test
livecodebench,349,test
livecodebench,774,test
livecodebench,794,test
livecodebench,472,test
livecodebench,58,test
livecodebench,287,test
livecodebench,570,test
math500,463,train
math500,415,train
math500,76,train
math500,177,train
math500,321,train
math500,54,train
math500,346,train
math500,77,train
math500,368,train
math500,425,train
math500,281,train
math500,444,train
math500,178,train
math500,7,train
math500,271,train
math500,336,train
math500,309,train
math500,145,train
math500,278,train
math500,71,train
math500,147,train
math500,280,train
math500,428,train
math500,363,train
math500,67,train
math500,99,train
math500,369,train
math500,91,train
math500,50,train
math500,377,train
math500,374,train
math500,14,train
math500,156,train
math500,322,train
math500,75,train
math500,191,train
math500,179,train
math500,172,train
math500,245,train
math500,282,train
math500,263,train
math500,228,train
math500,138,train
math500,316,train
math500,56,train
math500,199,train
math500,276,train
math500,212,train
math500,448,train
math500,421,train
math500,57,train
math500,312,train
math500,108,train
math500,378,train
math500,27,train
math500,371,train
math500,353,train
math500,493,train
math500,219,train
math500,130,train
math500,364,train
math500,104,train
math500,259,train
math500,382,train
math500,334,train
math500,356,train
math500,120,train
math500,164,train
math500,217,train
math500,471,train
math500,370,train
math500,472,train
math500,10,train
math500,449,train
math500,344,train
math500,398,train
math500,405,train
math500,499,train
math500,102,train
math500,332,train
math500,296,train
math500,273,train
math500,121,train
math500,96,train
math500,313,train
math500,294,train
math500,124,train
math500,183,train
math500,180,train
math500,101,train
math500,187,train
math500,357,train
math500,422,train
math500,410,train
math500,133,train
math500,381,train
math500,69,train
math500,182,train
math500,307,train
math500,88,train
math500,383,train
math500,105,train
math500,218,train
math500,328,train
math500,404,train
math500,440,train
math500,9,train
math500,148,train
math500,143,train
math500,310,train
math500,34,train
math500,109,train
math500,174,train
math500,18,train
math500,372,train
math500,419,train
math500,31,train
math500,141,train
math500,314,train
math500,289,train
math500,496,train
math500,89,train
math500,430,train
math500,168,train
math500,341,train
math500,159,train
math500,320,train
math500,432,train
math500,137,train
math500,234,train
math500,253,train
math500,55,train
math500,246,train
math500,318,train
math500,6,train
math500,458,train
math500,323,train
math500,326,train
math500,380,train
math500,416,train
math500,492,train
math500,460,train
math500,366,train
math500,49,train
math500,44,train
math500,420,train
math500,384,train
math500,8,train
math500,184,train
math500,359,train
math500,93,train
math500,387,train
math500,80,train
math500,72,train
math500,197,train
math500,315,train
math500,300,train
math500,373,train
math500,224,train
math500,190,train
math500,198,train
math500,311,train
math500,21,train
math500,230,train
math500,202,train
math500,193,train
math500,325,train
math500,46,train
math500,423,train
math500,360,train
math500,261,train
math500,154,train
math500,196,train
math500,399,train
math500,118,train
math500,292,train
math500,78,train
math500,308,train
math500,90,train
math500,11,train
math500,340,train
math500,98,train
math500,32,train
math500,438,train
math500,116,train
math500,248,train
math500,70,train
math500,386,train
math500,162,train
math500,331,train
math500,393,train
math500,446,train
math500,132,train
math500,277,train
math500,427,train
math500,155,train
math500,251,train
math500,3,train
math500,81,train
math500,361,train
math500,225,train
math500,235,train
math500,86,train
math500,244,train
math500,256,train
math500,201,train
math500,100,train
math500,348,train
math500,389,train
math500,123,train
math500,61,train
math500,135,train
math500,290,train
math500,171,train
math500,436,train
math500,43,train
math500,497,train
math500,85,train
math500,142,train
math500,291,train
math500,434,train
math500,431,train
math500,338,train
math500,424,train
math500,480,train
math500,287,train
math500,59,train
math500,53,train
math500,63,train
math500,65,train
math500,240,train
math500,275,train
math500,176,train
math500,94,train
math500,163,train
math500,451,train
math500,413,train
math500,447,train
math500,232,train
math500,239,train
math500,466,train
math500,442,train
math500,113,train
math500,406,train
math500,388,train
math500,146,train
math500,304,train
math500,115,train
math500,74,train
math500,249,train
math500,490,train
math500,110,train
math500,302,train
math500,345,train
math500,324,train
math500,12,train
math500,268,train
math500,484,train
math500,19,train
math500,455,train
math500,470,train
math500,267,train
math500,343,train
math500,236,train
math500,189,train
math500,112,train
math500,469,train
math500,195,train
math500,445,train
math500,462,train
math500,358,train
math500,38,train
math500,391,train
math500,397,train
math500,194,train
math500,60,train
math500,306,train
math500,441,train
math500,134,train
math500,207,train
math500,192,train
math500,4,train
math500,337,train
math500,73,train
math500,319,train
math500,465,train
math500,342,train
math500,188,train
math500,459,train
math500,375,train
math500,106,train
math500,285,train
math500,439,train
math500,149,train
math500,36,train
math500,477,train
math500,128,train
math500,260,train
math500,482,train
math500,226,train
math500,409,val
math500,167,val
math500,13,val
math500,131,val
math500,173,val
math500,213,val
math500,403,val
math500,223,val
math500,64,val
math500,221,val
math500,283,val
math500,24,val
math500,284,val
math500,351,val
math500,456,val
math500,376,val
math500,229,val
math500,269,val
math500,288,val
math500,152,val
math500,303,val
math500,265,val
math500,92,val
math500,204,val
math500,252,val
math500,47,val
math500,227,val
math500,365,val
math500,317,val
math500,494,val
math500,233,val
math500,20,val
math500,467,val
math500,200,val
math500,437,val
math500,238,val
math500,39,val
math500,243,val
math500,390,val
math500,395,val
math500,257,val
math500,117,val
math500,454,val
math500,258,val
math500,443,val
math500,5,val
math500,347,val
math500,111,val
math500,220,val
math500,335,val
math500,411,val
math500,28,val
math500,394,val
math500,487,val
math500,408,val
math500,16,val
math500,247,val
math500,186,val
math500,114,val
math500,350,val
math500,222,val
math500,379,val
math500,185,val
math500,166,val
math500,1,val
math500,103,val
math500,385,val
math500,495,val
math500,293,val
math500,41,val
math500,298,val
math500,478,val
math500,433,val
math500,125,val
math500,126,val
math500,210,val
math500,97,val
math500,139,val
math500,414,val
math500,481,val
math500,170,val
math500,84,val
math500,25,val
math500,464,val
math500,491,val
math500,151,val
math500,82,val
math500,144,val
math500,37,val
math500,15,val
math500,242,val
math500,264,val
math500,279,val
math500,305,val
math500,329,val
math500,488,val
math500,429,val
math500,30,val
math500,355,val
math500,255,val
math500,352,test
math500,66,test
math500,254,test
math500,203,test
math500,407,test
math500,122,test
math500,476,test
math500,231,test
math500,45,test
math500,475,test
math500,165,test
math500,150,test
math500,450,test
math500,396,test
math500,402,test
math500,52,test
math500,333,test
math500,26,test
math500,158,test
math500,208,test
math500,457,test
math500,181,test
math500,209,test
math500,160,test
math500,299,test
math500,412,test
math500,22,test
math500,241,test
math500,262,test
math500,140,test
math500,500,test
math500,266,test
math500,301,test
math500,29,test
math500,206,test
math500,58,test
math500,417,test
math500,498,test
math500,215,test
math500,23,test
math500,479,test
math500,161,test
math500,270,test
math500,237,test
math500,400,test
math500,33,test
math500,367,test
math500,42,test
math500,295,test
math500,169,test
math500,211,test
math500,362,test
math500,483,test
math500,339,test
math500,79,test
math500,87,test
math500,136,test
math500,401,test
math500,272,test
math500,127,test
math500,473,test
math500,327,test
math500,297,test
math500,35,test
math500,216,test
math500,83,test
math500,214,test
math500,175,test
math500,453,test
math500,286,test
math500,107,test
math500,48,test
math500,68,test
math500,435,test
math500,205,test
math500,153,test
math500,40,test
math500,17,test
math500,129,test
math500,474,test
math500,119,test
math500,354,test
math500,461,test
math500,250,test
math500,51,test
math500,2,test
math500,452,test
math500,486,test
math500,62,test
math500,274,test
math500,418,test
math500,349,test
math500,426,test
math500,95,test
math500,489,test
math500,468,test
math500,157,test
math500,485,test
math500,330,test
math500,392,test
medqa,728,train
medqa,122,train
medqa,269,train
medqa,14,train
medqa,900,train
medqa,559,train
medqa,367,train
medqa,776,train
medqa,69,train
medqa,1111,train
medqa,1002,train
medqa,339,train
medqa,866,train
medqa,907,train
medqa,323,train
medqa,501,train
medqa,950,train
medqa,612,train
medqa,800,train
medqa,583,train
medqa,707,train
medqa,701,train
medqa,1254,train
medqa,112,train
medqa,34,train
medqa,1052,train
medqa,505,train
medqa,1186,train
medqa,386,train
medqa,227,train
medqa,1155,train
medqa,762,train
medqa,614,train
medqa,676,train
medqa,703,train
medqa,352,train
medqa,195,train
medqa,881,train
medqa,650,train
medqa,449,train
medqa,1108,train
medqa,1266,train
medqa,1216,train
medqa,1008,train
medqa,318,train
medqa,606,train
medqa,1049,train
medqa,270,train
medqa,347,train
medqa,1055,train
medqa,1129,train
medqa,146,train
medqa,1110,train
medqa,210,train
medqa,461,train
medqa,601,train
medqa,1248,train
medqa,427,train
medqa,932,train
medqa,566,train
medqa,1140,train
medqa,992,train
medqa,99,train
medqa,357,train
medqa,787,train
medqa,939,train
medqa,1086,train
medqa,1237,train
medqa,68,train
medqa,76,train
medqa,591,train
medqa,480,train
medqa,282,train
medqa,475,train
medqa,1211,train
medqa,922,train
medqa,1101,train
medqa,377,train
medqa,292,train
medqa,242,train
medqa,1066,train
medqa,967,train
medqa,1145,train
medqa,301,train
medqa,4,train
medqa,754,train
medqa,452,train
medqa,757,train
medqa,1137,train
medqa,1106,train
medqa,406,train
medqa,351,train
medqa,1206,train
medqa,929,train
medqa,218,train
medqa,442,train
medqa,217,train
medqa,1,train
medqa,934,train
medqa,43,train
medqa,38,train
medqa,1084,train
medqa,156,train
medqa,73,train
medqa,1060,train
medqa,631,train
medqa,891,train
medqa,1053,train
medqa,127,train
medqa,846,train
medqa,252,train
medqa,198,train
medqa,380,train
medqa,80,train
medqa,194,train
medqa,659,train
medqa,654,train
medqa,818,train
medqa,413,train
medqa,9,train
medqa,561,train
medqa,31,train
medqa,179,train
medqa,319,train
medqa,178,train
medqa,97,train
medqa,1138,train
medqa,528,train
medqa,177,train
medqa,771,train
medqa,1012,train
medqa,637,train
medqa,997,train
medqa,1225,train
medqa,841,train
medqa,474,train
medqa,955,train
medqa,666,train
medqa,910,train
medqa,1178,train
medqa,644,train
medqa,1153,train
medqa,790,train
medqa,978,train
medqa,1116,train
medqa,363,train
medqa,3,train
medqa,1047,train
medqa,696,train
medqa,1105,train
medqa,977,train
medqa,239,train
medqa,913,train
medqa,868,train
medqa,562,train
medqa,737,train
medqa,1230,train
medqa,212,train
medqa,908,train
medqa,272,train
medqa,152,train
medqa,268,train
medqa,310,train
medqa,782,train
medqa,418,train
medqa,774,train
medqa,1231,train
medqa,1030,train
medqa,1088,train
medqa,1011,train
medqa,32,train
medqa,1188,train
medqa,136,train
medqa,1036,train
medqa,938,train
medqa,1177,train
medqa,425,train
medqa,106,train
medqa,51,train
medqa,889,train
medqa,1224,train
medqa,852,train
medqa,820,train
medqa,546,train
medqa,98,train
medqa,290,train
medqa,555,train
medqa,705,train
medqa,951,train
medqa,1166,train
medqa,118,train
medqa,314,train
medqa,341,train
medqa,355,train
medqa,884,train
medqa,130,train
medqa,300,train
medqa,172,train
medqa,174,train
medqa,758,train
medqa,1253,train
medqa,35,train
medqa,109,train
medqa,188,train
medqa,574,train
medqa,716,train
medqa,636,train
medqa,713,train
medqa,313,train
medqa,931,train
medqa,399,train
medqa,803,train
medqa,216,train
medqa,1069,train
medqa,720,train
medqa,734,train
medqa,220,train
medqa,1073,train
medqa,1164,train
medqa,383,train
medqa,1085,train
medqa,1205,train
medqa,588,train
medqa,254,train
medqa,170,train
medqa,896,train
medqa,539,train
medqa,116,train
medqa,738,train
medqa,344,train
medqa,192,train
medqa,844,train
medqa,379,train
medqa,1134,train
medqa,814,train
medqa,1241,train
medqa,1033,train
medqa,434,train
medqa,436,train
medqa,277,train
medqa,1176,train
medqa,148,train
medqa,549,train
medqa,642,train
medqa,356,train
medqa,953,train
medqa,599,train
medqa,570,train
medqa,50,train
medqa,149,train
medqa,544,train
medqa,980,train
medqa,1244,train
medqa,1076,train
medqa,443,train
medqa,1063,train
medqa,1151,train
medqa,865,train
medqa,59,train
medqa,750,train
medqa,834,train
medqa,221,train
medqa,1119,train
medqa,219,train
medqa,1158,train
medqa,415,train
medqa,796,train
medqa,700,train
medqa,1200,train
medqa,186,train
medqa,263,train
medqa,1270,train
medqa,993,train
medqa,1117,train
medqa,755,train
medqa,316,train
medqa,1059,train
medqa,576,train
medqa,568,train
medqa,307,train
medqa,224,train
medqa,784,train
medqa,433,train
medqa,1181,train
medqa,429,train
medqa,995,train
medqa,479,train
medqa,1004,train
medqa,918,train
medqa,665,train
medqa,30,train
medqa,1064,train
medqa,373,train
medqa,698,train
medqa,748,train
medqa,1093,train
medqa,743,train
medqa,287,train
medqa,855,train
medqa,1235,train
medqa,613,train
medqa,256,train
medqa,201,train
medqa,55,train
medqa,71,train
medqa,490,train
medqa,822,train
medqa,261,train
medqa,267,train
medqa,768,train
medqa,827,train
medqa,485,train
medqa,1267,train
medqa,808,train
medqa,664,train
medqa,1161,train
medqa,521,train
medqa,941,train
medqa,1021,train
medqa,44,train
medqa,37,train
medqa,968,train
medqa,1152,train
medqa,103,train
medqa,598,train
medqa,802,train
medqa,1183,train
medqa,150,train
medqa,656,train
medqa,422,train
medqa,440,train
medqa,883,train
medqa,416,train
medqa,262,train
medqa,102,train
medqa,550,train
medqa,153,train
medqa,64,train
medqa,25,train
medqa,492,train
medqa,638,train
medqa,184,train
medqa,185,train
medqa,1050,train
medqa,912,train
medqa,640,train
medqa,1252,train
medqa,1213,train
medqa,447,train
medqa,1074,train
medqa,281,train
medqa,975,train
medqa,1126,train
medqa,481,train
medqa,115,train
medqa,847,train
medqa,274,train
medqa,733,train
medqa,6,train
medqa,810,train
medqa,348,train
medqa,495,train
medqa,1162,train
medqa,128,train
medqa,875,train
medqa,565,train
medqa,1273,train
medqa,760,train
medqa,489,train
medqa,366,train
medqa,577,train
medqa,305,train
medqa,1133,train
medqa,689,train
medqa,727,train
medqa,151,train
medqa,134,train
medqa,444,train
medqa,690,train
medqa,1018,train
medqa,682,train
medqa,673,train
medqa,991,train
medqa,1062,train
medqa,289,train
medqa,19,train
medqa,680,train
medqa,1136,train
medqa,604,train
medqa,990,train
medqa,854,train
medqa,503,train
medqa,1109,train
medqa,311,train
medqa,364,train
medqa,830,train
medqa,593,train
medqa,541,train
medqa,1077,train
medqa,234,train
medqa,24,train
medqa,424,train
medqa,780,train
medqa,838,train
medqa,1193,train
medqa,36,train
medqa,840,train
medqa,1131,train
medqa,1144,train
medqa,567,train
medqa,781,train
medqa,233,train
medqa,1143,train
medqa,428,train
medqa,82,train
medqa,586,train
medqa,248,train
medqa,660,train
medqa,20,train
medqa,1054,train
medqa,886,train
medqa,532,train
medqa,679,train
medqa,437,train
medqa,765,train
medqa,522,train
medqa,812,train
medqa,321,train
medqa,48,train
medqa,569,train
medqa,1027,train
medqa,244,train
medqa,791,train
medqa,530,train
medqa,692,train
medqa,166,train
medqa,804,train
medqa,958,train
medqa,111,train
medqa,809,train
medqa,298,train
medqa,470,train
medqa,864,train
medqa,621,train
medqa,395,train
medqa,996,train
medqa,63,train
medqa,678,train
medqa,280,train
medqa,401,train
medqa,1029,train
medqa,1191,train
medqa,1222,train
medqa,41,train
medqa,1195,train
medqa,502,train
medqa,786,train
medqa,905,train
medqa,183,train
medqa,789,train
medqa,1258,train
medqa,1120,train
medqa,924,train
medqa,1003,train
medqa,460,train
medqa,430,train
medqa,369,train
medqa,143,train
medqa,647,train
medqa,388,train
medqa,1271,train
medqa,1261,train
medqa,1157,train
medqa,472,train
medqa,238,train
medqa,204,train
medqa,525,train
medqa,1125,train
medqa,710,train
medqa,807,train
medqa,353,train
medqa,1182,train
medqa,605,train
medqa,1123,train
medqa,457,train
medqa,90,train
medqa,873,train
medqa,324,train
medqa,113,train
medqa,320,train
medqa,21,train
medqa,726,train
medqa,1217,train
medqa,412,train
medqa,42,train
medqa,788,train
medqa,358,train
medqa,7,train
medqa,466,train
medqa,1023,train
medqa,509,train
medqa,453,train
medqa,836,train
medqa,536,train
medqa,869,train
medqa,117,train
medqa,397,train
medqa,829,train
medqa,83,train
medqa,1067,train
medqa,894,train
medqa,421,train
medqa,1096,train
medqa,154,train
medqa,672,train
medqa,294,train
medqa,1170,train
medqa,853,train
medqa,1220,train
medqa,322,train
medqa,1160,train
medqa,919,train
medqa,26,train
medqa,410,train
medqa,1212,train
medqa,423,train
medqa,215,train
medqa,770,train
medqa,1124,train
medqa,226,train
medqa,571,train
medqa,458,train
medqa,486,train
medqa,382,train
medqa,335,train
medqa,145,train
medqa,18,train
medqa,867,train
medqa,354,train
medqa,58,train
medqa,1034,train
medqa,426,train
medqa,253,train
medqa,296,train
medqa,223,train
medqa,851,train
medqa,556,train
medqa,798,train
medqa,336,train
medqa,764,train
medqa,639,train
medqa,53,train
medqa,819,train
medqa,1014,train
medqa,930,train
medqa,611,train
medqa,1075,train
medqa,1057,train
medqa,181,train
medqa,971,train
medqa,986,train
medqa,620,train
medqa,1179,train
medqa,285,train
medqa,587,train
medqa,641,train
medqa,963,train
medqa,396,train
medqa,104,train
medqa,1092,train
medqa,1259,train
medqa,985,train
medqa,622,train
medqa,499,train
medqa,439,train
medqa,893,train
medqa,207,train
medqa,635,train
medqa,989,train
medqa,27,train
medqa,1173,train
medqa,801,train
medqa,405,train
medqa,959,train
medqa,712,train
medqa,948,train
medqa,815,train
medqa,411,train
medqa,120,train
medqa,629,train
medqa,669,train
medqa,197,train
medqa,5,train
medqa,1146,train
medqa,487,train
medqa,1112,train
medqa,158,train
medqa,761,train
medqa,78,train
medqa,91,train
medqa,752,train
medqa,649,train
medqa,1156,train
medqa,209,train
medqa,1221,train
medqa,623,train
medqa,850,train
medqa,923,train
medqa,1185,train
medqa,74,train
medqa,1229,train
medqa,926,train
medqa,828,train
medqa,54,train
medqa,275,train
medqa,123,train
medqa,708,train
medqa,1210,train
medqa,928,train
medqa,124,train
medqa,370,train
medqa,527,train
medqa,681,train
medqa,1044,train
medqa,329,train
medqa,943,train
medqa,398,train
medqa,914,train
medqa,729,train
medqa,888,train
medqa,1037,train
medqa,965,train
medqa,456,train
medqa,877,train
medqa,175,train
medqa,251,train
medqa,759,train
medqa,878,train
medqa,769,train
medqa,260,train
medqa,871,train
medqa,359,train
medqa,65,train
medqa,228,train
medqa,972,train
medqa,1107,train
medqa,1019,train
medqa,361,train
medqa,182,train
medqa,205,train
medqa,949,train
medqa,468,train
medqa,1051,train
medqa,349,train
medqa,271,train
medqa,543,train
medqa,512,train
medqa,169,train
medqa,288,train
medqa,857,train
medqa,643,train
medqa,308,train
medqa,793,train
medqa,1013,train
medqa,17,train
medqa,1102,train
medqa,1010,train
medqa,879,train
medqa,1238,train
medqa,813,train
medqa,683,train
medqa,1236,train
medqa,1202,train
medqa,435,train
medqa,590,train
medqa,1040,train
medqa,62,train
medqa,1207,train
medqa,404,train
medqa,295,train
medqa,1209,train
medqa,284,train
medqa,488,train
medqa,537,train
medqa,699,train
medqa,12,train
medqa,691,train
medqa,77,train
medqa,338,train
medqa,824,train
medqa,93,train
medqa,860,train
medqa,741,train
medqa,724,train
medqa,47,train
medqa,230,train
medqa,330,train
medqa,389,train
medqa,706,train
medqa,1028,train
medqa,393,train
medqa,535,train
medqa,1026,train
medqa,259,train
medqa,833,train
medqa,1227,train
medqa,462,train
medqa,240,train
medqa,674,train
medqa,222,train
medqa,1097,train
medqa,40,train
medqa,121,train
medqa,1208,train
medqa,1121,train
medqa,1098,train
medqa,45,train
medqa,625,train
medqa,984,train
medqa,901,train
medqa,582,train
medqa,1132,train
medqa,516,train
medqa,1269,train
medqa,89,train
medqa,1043,train
medqa,381,train
medqa,973,train
medqa,778,train
medqa,70,train
medqa,387,train
medqa,190,train
medqa,1065,train
medqa,304,train
medqa,835,train
medqa,384,train
medqa,1032,train
medqa,1041,train
medqa,694,train
medqa,702,train
medqa,346,train
medqa,709,train
medqa,693,train
medqa,861,train
medqa,1114,train
medqa,652,train
medqa,670,train
medqa,1168,train
medqa,147,train
medqa,1167,train
medqa,825,train
medqa,173,train
medqa,1082,train
medqa,342,train
medqa,463,train
medqa,1068,train
medqa,432,train
medqa,391,train
medqa,974,train
medqa,119,train
medqa,603,train
medqa,1268,train
medqa,580,train
medqa,409,train
medqa,1232,val
medqa,648,val
medqa,839,val
medqa,849,val
medqa,1089,val
medqa,811,val
medqa,1080,val
medqa,898,val
medqa,935,val
medqa,334,val
medqa,511,val
medqa,394,val
medqa,627,val
medqa,859,val
medqa,531,val
medqa,1128,val
medqa,1174,val
medqa,817,val
medqa,1180,val
medqa,1005,val
medqa,1056,val
medqa,1149,val
medqa,61,val
medqa,916,val
medqa,1203,val
medqa,1122,val
medqa,732,val
medqa,1218,val
medqa,171,val
medqa,141,val
medqa,465,val
medqa,534,val
medqa,585,val
medqa,482,val
medqa,730,val
medqa,180,val
medqa,717,val
medqa,403,val
medqa,498,val
medqa,617,val
medqa,438,val
medqa,548,val
medqa,596,val
medqa,714,val
medqa,554,val
medqa,1154,val
medqa,94,val
medqa,671,val
medqa,940,val
medqa,736,val
medqa,947,val
medqa,795,val
medqa,303,val
medqa,1247,val
medqa,135,val
medqa,193,val
medqa,1265,val
medqa,911,val
medqa,445,val
medqa,746,val
medqa,904,val
medqa,1242,val
medqa,451,val
medqa,75,val
medqa,1006,val
medqa,618,val
medqa,667,val
medqa,885,val
medqa,66,val
medqa,110,val
medqa,856,val
medqa,595,val
medqa,845,val
medqa,312,val
medqa,137,val
medqa,473,val
medqa,1061,val
medqa,632,val
medqa,961,val
medqa,374,val
medqa,1171,val
medqa,1240,val
medqa,431,val
medqa,332,val
medqa,142,val
medqa,581,val
medqa,751,val
medqa,937,val
medqa,1233,val
medqa,345,val
medqa,624,val
medqa,243,val
medqa,826,val
medqa,2,val
medqa,735,val
medqa,8,val
medqa,806,val
medqa,553,val
medqa,899,val
medqa,365,val
medqa,1264,val
medqa,1257,val
medqa,584,val
medqa,81,val
medqa,538,val
medqa,792,val
medqa,983,val
medqa,375,val
medqa,455,val
medqa,725,val
medqa,420,val
medqa,719,val
medqa,159,val
medqa,515,val
medqa,779,val
medqa,484,val
medqa,514,val
medqa,837,val
medqa,862,val
medqa,573,val
medqa,777,val
medqa,988,val
medqa,371,val
medqa,1226,val
medqa,540,val
medqa,890,val
medqa,749,val
medqa,469,val
medqa,96,val
medqa,572,val
medqa,1035,val
medqa,229,val
medqa,247,val
medqa,962,val
medqa,575,val
medqa,1139,val
medqa,408,val
medqa,39,val
medqa,721,val
medqa,1159,val
medqa,1234,val
medqa,211,val
medqa,775,val
medqa,56,val
medqa,545,val
medqa,1025,val
medqa,524,val
medqa,237,val
medqa,740,val
medqa,1260,val
medqa,633,val
medqa,794,val
medqa,767,val
medqa,23,val
medqa,805,val
medqa,1038,val
medqa,108,val
medqa,1099,val
medqa,645,val
medqa,887,val
medqa,257,val
medqa,155,val
medqa,892,val
medqa,1169,val
medqa,874,val
medqa,400,val
medqa,956,val
medqa,592,val
medqa,607,val
medqa,675,val
medqa,917,val
medqa,1104,val
medqa,1095,val
medqa,459,val
medqa,340,val
medqa,964,val
medqa,619,val
medqa,162,val
medqa,157,val
medqa,579,val
medqa,232,val
medqa,1190,val
medqa,441,val
medqa,85,val
medqa,46,val
medqa,523,val
medqa,100,val
medqa,84,val
medqa,265,val
medqa,655,val
medqa,560,val
medqa,697,val
medqa,1250,val
medqa,225,val
medqa,551,val
medqa,933,val
medqa,140,val
medqa,563,val
medqa,1142,val
medqa,1228,val
medqa,658,val
medqa,1058,val
medqa,1172,val
medqa,493,val
medqa,273,val
medqa,1046,val
medqa,1091,val
medqa,372,val
medqa,328,val
medqa,114,val
medqa,533,val
medqa,999,val
medqa,842,val
medqa,450,val
medqa,392,val
medqa,952,val
medqa,976,val
medqa,1135,val
medqa,1239,val
medqa,1070,val
medqa,799,val
medqa,1199,val
medqa,15,val
medqa,139,val
medqa,477,val
medqa,22,val
medqa,1272,val
medqa,1039,val
medqa,1141,val
medqa,331,val
medqa,773,val
medqa,518,val
medqa,668,val
medqa,1196,val
medqa,957,val
medqa,508,val
medqa,29,val
medqa,969,val
medqa,823,val
medqa,283,val
medqa,189,val
medqa,510,val
medqa,333,val
medqa,11,val
medqa,144,val
medqa,126,val
medqa,858,val
medqa,1148,val
medqa,60,val
medqa,684,val
medqa,954,val
medqa,496,val
medqa,797,val
medqa,998,val
medqa,10,val
medqa,1198,test
medqa,615,test
medqa,616,test
medqa,52,test
medqa,742,test
medqa,600,test
medqa,1115,test
medqa,454,test
medqa,1016,test
medqa,315,test
medqa,848,test
medqa,1246,test
medqa,1000,test
medqa,196,test
medqa,13,test
medqa,966,test
medqa,1223,test
medqa,902,test
medqa,526,test
medqa,231,test
medqa,520,test
medqa,895,test
medqa,163,test
medqa,278,test
medqa,476,test
medqa,500,test
medqa,578,test
medqa,695,test
medqa,783,test
medqa,276,test
medqa,79,test
medqa,1071,test
medqa,1194,test
medqa,1163,test
medqa,1045,test
medqa,249,test
medqa,610,test
medqa,350,test
medqa,1083,test
medqa,542,test
medqa,506,test
medqa,1204,test
medqa,187,test
medqa,982,test
medqa,504,test
medqa,927,test
medqa,28,test
medqa,167,test
medqa,552,test
medqa,291,test
medqa,906,test
medqa,1078,test
medqa,164,test
medqa,246,test
medqa,711,test
medqa,208,test
medqa,491,test
medqa,317,test
medqa,1175,test
medqa,1263,test
medqa,1187,test
medqa,942,test
medqa,925,test
medqa,981,test
medqa,176,test
medqa,597,test
medqa,1009,test
medqa,816,test
medqa,202,test
medqa,107,test
medqa,1072,test
medqa,1150,test
medqa,661,test
medqa,129,test
medqa,368,test
medqa,1249,test
medqa,785,test
medqa,125,test
medqa,250,test
medqa,407,test
medqa,86,test
medqa,594,test
medqa,419,test
medqa,863,test
medqa,467,test
medqa,1001,test
medqa,558,test
medqa,1214,test
medqa,628,test
medqa,557,test
medqa,766,test
medqa,266,test
medqa,1087,test
medqa,756,test
medqa,653,test
medqa,417,test
medqa,87,test
medqa,870,test
medqa,876,test
medqa,168,test
medqa,1103,test
medqa,161,test
medqa,723,test
medqa,402,test
medqa,903,test
medqa,677,test
medqa,494,test
medqa,378,test
medqa,16,test
medqa,821,test
medqa,478,test
medqa,293,test
medqa,385,test
medqa,897,test
medqa,165,test
medqa,763,test
medqa,832,test
medqa,1113,test
medqa,1197,test
medqa,446,test
medqa,1255,test
medqa,1262,test
medqa,519,test
medqa,687,test
medqa,686,test
medqa,1118,test
medqa,1192,test
medqa,1042,test
medqa,1245,test
medqa,979,test
medqa,843,test
medqa,57,test
medqa,688,test
medqa,1243,test
medqa,1079,test
medqa,309,test
medqa,1017,test
medqa,33,test
medqa,245,test
medqa,286,test
medqa,718,test
medqa,264,test
medqa,1100,test
medqa,772,test
medqa,241,test
medqa,909,test
medqa,882,test
medqa,608,test
medqa,602,test
medqa,1007,test
medqa,880,test
medqa,589,test
medqa,483,test
medqa,306,test
medqa,872,test
medqa,326,test
medqa,279,test
medqa,464,test
medqa,1022,test
medqa,946,test
medqa,744,test
medqa,945,test
medqa,634,test
medqa,731,test
medqa,517,test
medqa,235,test
medqa,1215,test
medqa,214,test
medqa,1147,test
medqa,133,test
medqa,390,test
medqa,448,test
medqa,722,test
medqa,507,test
medqa,1090,test
medqa,704,test
medqa,1081,test
medqa,662,test
medqa,960,test
medqa,745,test
medqa,236,test
medqa,1048,test
medqa,297,test
medqa,497,test
medqa,1165,test
medqa,199,test
medqa,299,test
medqa,1015,test
medqa,1127,test
medqa,343,test
medqa,138,test
medqa,1024,test
medqa,609,test
medqa,67,test
medqa,753,test
medqa,1031,test
medqa,564,test
medqa,213,test
medqa,1184,test
medqa,920,test
medqa,92,test
medqa,471,test
medqa,1256,test
medqa,747,test
medqa,191,test
medqa,325,test
medqa,1201,test
medqa,200,test
medqa,936,test
medqa,1130,test
medqa,95,test
medqa,337,test
medqa,651,test
medqa,105,test
medqa,915,test
medqa,131,test
medqa,663,test
medqa,646,test
medqa,657,test
medqa,1094,test
medqa,360,test
medqa,255,test
medqa,547,test
medqa,258,test
medqa,362,test
medqa,1251,test
medqa,414,test
medqa,206,test
medqa,739,test
medqa,1020,test
medqa,831,test
medqa,160,test
medqa,1189,test
medqa,529,test
medqa,630,test
medqa,302,test
medqa,1219,test
medqa,101,test
medqa,49,test
medqa,626,test
medqa,944,test
medqa,970,test
medqa,921,test
medqa,72,test
medqa,376,test
medqa,715,test
medqa,987,test
medqa,203,test
medqa,327,test
medqa,685,test
medqa,88,test
medqa,994,test
medqa,132,test
medqa,513,test
