algorithm,seed,stopped,T_stop,final_exact,final_regret,best_regret,final_cum_regret,n_checks,elapsed_seconds,target,arm
p2etg,0,True,13296,True,0.0,0.0,11.63218402523694,555,0.691120124887675,0.9,P2ETG
p2etg,1,True,18168,True,0.0,0.0,55.953818159739676,758,0.8450117078609765,0.9,P2ETG
p2etg,2,False,40000,True,0.0,0.0,25.209184854035833,1667,1.823256874922663,0.9,P2ETG
p2etg,3,True,8280,True,0.0,0.0,13.958620830284328,346,0.4498551250435412,0.9,P2ETG
p2etg,4,True,19920,True,0.0,0.0,47.248118366251816,831,0.9680773331783712,0.9,P2ETG
p2etg,5,True,6504,True,0.0,0.0,17.389793710169823,272,0.35320079093798995,0.9,P2ETG
p2etg,6,True,12120,True,0.0,0.0,56.89826960668026,506,0.5920021673664451,0.9,P2ETG
p2etg,7,False,40000,True,0.0,0.0,137.85210856241764,1667,1.7728380421176553,0.9,P2ETG
p2etg,8,True,24360,True,0.0,0.0,7.129876430782113,1016,1.2085986663587391,0.9,P2ETG
p2etg,9,True,7800,True,0.0,0.0,30.309749513328605,326,0.42645841697230935,0.9,P2ETG
p2etg,10,True,4320,True,0.0,0.0,222.8961017513134,181,0.2431283751502633,0.9,P2ETG
p2etg,11,True,19272,True,0.0,0.0,19.10538015011257,804,0.9057919587939978,0.9,P2ETG
p2etg,12,True,12576,True,0.0,0.0,33.97919156323438,525,0.6157574579119682,0.9,P2ETG
p2etg,13,True,6240,True,0.0,0.0,79.29924047809726,261,0.3563115829601884,0.9,P2ETG
p2etg,14,False,40000,True,0.0,0.0,44.57922035026266,1667,1.7526176669634879,0.9,P2ETG
p2etg,15,True,32736,True,0.0,0.0,40.9352251041862,1365,1.4342892081476748,0.9,P2ETG
p2etg,16,True,3024,True,0.0,0.0,31.377647105111635,127,0.17275704070925713,0.9,P2ETG
p2etg,17,True,31008,True,0.0,0.0,27.993483646986512,1293,1.3726836671121418,0.9,P2ETG
p2etg,18,True,16752,True,0.0,0.0,19.660663727245314,699,0.8272691667079926,0.9,P2ETG
p2etg,19,True,18456,True,0.0,0.0,30.309749513328605,770,0.874271625187248,0.9,P2ETG
preflid,0,True,762,True,0.0,0.0,36.00521516009542,128,0.10604629199951887,0.9,PrefLID-cert
preflid,1,True,1314,True,0.0,0.0,47.51866917692133,220,0.18339341692626476,0.9,PrefLID-cert
preflid,2,True,804,True,0.0,0.0,61.53095641906417,135,0.10879774997010827,0.9,PrefLID-cert
preflid,3,True,2682,True,0.0,0.0,20.827694180257204,448,0.48268358362838626,0.9,PrefLID-cert
preflid,4,True,1512,True,0.0,0.0,11.588765487496698,253,0.26877066725865006,0.9,PrefLID-cert
preflid,5,True,792,True,0.0,0.0,39.79748225667318,133,0.08051162539049983,0.9,PrefLID-cert
preflid,6,True,2700,True,0.0,0.0,29.412776657112403,451,0.6389896250329912,0.9,PrefLID-cert
preflid,7,True,1896,True,0.0,0.0,196.8439884173281,317,0.3009684169664979,0.9,PrefLID-cert
preflid,8,True,1002,True,0.0,0.0,83.22567972722248,168,0.16410020925104618,0.9,PrefLID-cert
preflid,9,True,936,True,0.0,0.0,20.37010297042231,157,0.09730458306148648,0.9,PrefLID-cert
preflid,10,True,1278,True,0.0,0.0,17.78346720401357,214,0.12119345786049962,0.9,PrefLID-cert
preflid,11,True,744,True,0.0,0.0,21.681739229737364,125,0.09906029095873237,0.9,PrefLID-cert
preflid,12,True,852,True,0.0,0.0,27.54226636896046,143,0.10699479235336185,0.9,PrefLID-cert
preflid,13,True,1140,True,0.0,0.0,73.39381857215669,191,0.16825954103842378,0.9,PrefLID-cert
preflid,14,True,2670,True,0.0,0.0,64.63875941848356,446,0.5219961660914123,0.9,PrefLID-cert
preflid,15,True,2388,True,0.0,0.0,33.178607650159016,399,0.596478832885623,0.9,PrefLID-cert
preflid,16,True,780,True,0.0,0.0,31.76194809637136,131,0.10933387465775013,0.9,PrefLID-cert
preflid,17,True,1308,True,0.0,0.0,49.24835002079719,219,0.22288504196330905,0.9,PrefLID-cert
preflid,18,True,756,True,0.0,0.0,23.738962985552167,127,0.07920200005173683,0.9,PrefLID-cert
preflid,19,True,1248,True,0.0,0.0,23.2973400082109,209,0.14685199968516827,0.9,PrefLID-cert
preflid,0,True,12084,True,0.0,0.0,36.00521516009542,2015,0.6970439590513706,0.9,PrefLID-nocert
preflid,1,False,39996,True,0.0,0.0,47.51866917692133,6666,2.1872781673446298,0.9,PrefLID-nocert
preflid,2,True,5016,True,0.0,0.0,61.53095641906417,837,0.3628703751601279,0.9,PrefLID-nocert
preflid,3,True,27078,True,0.0,0.0,20.827694180257204,4514,1.4967318335548043,0.9,PrefLID-nocert
preflid,4,True,36906,True,0.0,0.0,11.588765487496698,6152,2.023936083074659,0.9,PrefLID-nocert
preflid,5,True,15432,True,0.0,0.0,39.79748225667318,2573,0.9088045409880579,0.9,PrefLID-nocert
preflid,6,True,15612,True,0.0,0.0,29.412776657112403,2603,0.9172846246510744,0.9,PrefLID-nocert
preflid,7,True,36372,True,0.0,0.0,196.8439884173281,6063,1.908827249892056,0.9,PrefLID-nocert
preflid,8,True,19446,True,0.0,0.0,83.22567972722248,3242,1.122347750235349,0.9,PrefLID-nocert
preflid,9,True,29796,True,0.0,0.0,20.37010297042231,4967,1.6594920000061393,0.9,PrefLID-nocert
preflid,10,True,37584,True,0.0,0.0,17.78346720401357,6265,2.033207125030458,0.9,PrefLID-nocert
preflid,11,True,4818,True,0.0,0.0,21.681739229737364,804,0.3163530002348125,0.9,PrefLID-nocert
preflid,12,True,21282,True,0.0,0.0,27.54226636896046,3548,1.1804193751886487,0.9,PrefLID-nocert
preflid,13,True,10752,True,0.0,0.0,73.39381857215669,1793,0.6326837502419949,0.9,PrefLID-nocert
preflid,14,True,13734,True,0.0,0.0,64.63875941848356,2290,0.762470165733248,0.9,PrefLID-nocert
preflid,15,True,4992,True,0.0,0.0,33.178607650159016,833,0.3815999999642372,0.9,PrefLID-nocert
preflid,16,False,39996,True,0.0,0.0,31.76194809637136,6666,2.1292546670883894,0.9,PrefLID-nocert
preflid,17,True,21216,True,0.0,0.0,49.24835002079719,3537,1.1484124162234366,0.9,PrefLID-nocert
preflid,18,True,2466,True,0.0,0.0,23.738962985552167,412,0.17896695900708437,0.9,PrefLID-nocert
preflid,19,True,3786,True,0.0,0.0,23.2973400082109,632,0.22075291676446795,0.9,PrefLID-nocert
p2etg,0,False,40000,True,0.0,0.0,117.72504450156103,1667,1.340905541088432,0.7,P2ETG
p2etg,1,False,40000,True,0.0,0.0,202.72938239171253,1667,1.3537988751195371,0.7,P2ETG
p2etg,2,False,40000,True,0.0,0.0,171.68376600489893,1667,1.3490296662785113,0.7,P2ETG
p2etg,3,False,40000,True,0.0,0.0,16.776773415426216,1667,1.3871555421501398,0.7,P2ETG
p2etg,4,False,40000,True,0.0,0.0,180.2014971354484,1667,1.3462173328734934,0.7,P2ETG
p2etg,5,False,40000,True,0.0,0.0,165.34216527534622,1667,1.3665636251680553,0.7,P2ETG
p2etg,6,False,40000,True,0.0,0.0,623.5379194101909,1667,1.4209314580075443,0.7,P2ETG
p2etg,7,False,40000,True,0.0,0.0,439.2212427233842,1667,1.428024208638817,0.7,P2ETG
p2etg,8,False,40000,True,0.0,0.0,569.8996768356683,1667,1.409097082912922,0.7,P2ETG
p2etg,9,False,40000,True,0.0,0.0,105.15983545070063,1667,1.407913625240326,0.7,P2ETG
p2etg,10,True,21648,True,0.0,0.0,719.929765777354,903,0.7957133329473436,0.7,P2ETG
p2etg,11,False,40000,True,0.0,0.0,390.08246200312885,1667,1.3583045001141727,0.7,P2ETG
p2etg,12,False,40000,True,0.0,0.0,105.73915883503402,1667,1.3653563749976456,0.7,P2ETG
p2etg,13,False,40000,True,0.0,0.0,183.85267086372176,1667,1.4118228340521455,0.7,P2ETG
p2etg,14,False,40000,True,0.0,0.0,999.0216307134853,1667,1.3439860832877457,0.7,P2ETG
p2etg,15,False,40000,True,0.0,0.0,158.8179236857519,1667,1.3811204172670841,0.7,P2ETG
p2etg,16,False,40000,True,0.0,0.0,136.30432232879636,1667,1.3691543340682983,0.7,P2ETG
p2etg,17,False,40000,True,0.0,0.0,244.85043691349549,1667,1.3873682501725852,0.7,P2ETG
p2etg,18,False,40000,True,0.0,0.0,51.220937715533594,1667,1.3926954162307084,0.7,P2ETG
p2etg,19,False,40000,True,0.0,0.0,42.62879876974619,1667,1.3830028749071062,0.7,P2ETG
preflid,0,True,18456,True,0.0,0.0,64.90146861313764,3077,2.368245040997863,0.7,PrefLID-cert
preflid,1,True,11634,True,0.0,0.0,25.98937311214975,1940,2.4728419999592006,0.7,PrefLID-cert
preflid,2,True,4932,True,0.0,0.0,122.6061153660523,823,0.6180334999226034,0.7,PrefLID-cert
preflid,3,True,39876,True,0.0,0.0,23.908857803470035,6647,6.877135458867997,0.7,PrefLID-cert
preflid,4,True,21384,True,0.0,0.0,1210.2318553025368,3565,4.790047749876976,0.7,PrefLID-cert
preflid,5,True,3552,True,0.0,0.0,72.78598578632649,593,0.19780895812436938,0.7,PrefLID-cert
preflid,6,True,19902,True,0.0,0.0,1201.3208443660897,3318,5.6455280422233045,0.7,PrefLID-cert
preflid,7,True,14496,True,0.0,0.0,178.13050724954354,2417,2.230468083638698,0.7,PrefLID-cert
preflid,8,True,5526,True,0.0,0.0,149.89379166448703,922,0.4113470409065485,0.7,PrefLID-cert
preflid,9,True,5310,True,0.0,0.0,28.65924060079198,886,0.8805209998972714,0.7,PrefLID-cert
preflid,10,True,16806,True,0.0,0.0,17.73327853213359,2802,1.9894171669147909,0.7,PrefLID-cert
preflid,11,True,2502,True,0.0,0.0,233.59434541699378,418,0.12826583301648498,0.7,PrefLID-cert
preflid,12,True,8616,True,0.0,0.0,55.77204513406788,1437,1.6607768326066434,0.7,PrefLID-cert
preflid,13,True,10848,True,0.0,0.0,274.3975875370838,1809,1.375077625270933,0.7,PrefLID-cert
preflid,14,True,5634,True,0.0,0.0,173.76126657761276,940,0.4788635829463601,0.7,PrefLID-cert
preflid,15,True,6708,True,0.0,0.0,186.7411479094748,1119,0.321597957983613,0.7,PrefLID-cert
preflid,16,True,8592,True,0.0,0.0,123.99085154604487,1433,1.1771267498843372,0.7,PrefLID-cert
preflid,17,True,4872,True,0.0,0.0,148.4865942476495,813,0.48683541687205434,0.7,PrefLID-cert
preflid,18,True,6708,True,0.0,0.0,58.15796191169531,1119,0.31347762513905764,0.7,PrefLID-cert
preflid,19,True,6042,True,0.0,0.0,628.9887954829583,1008,0.7586122499778867,0.7,PrefLID-cert
preflid,0,True,19092,True,0.0,0.0,64.90146861313764,3183,0.7897411668673158,0.7,PrefLID-nocert
preflid,1,False,39996,True,0.0,0.0,25.98937311214975,6666,1.6620166660286486,0.7,PrefLID-nocert
preflid,2,False,39996,True,0.0,0.0,122.6061153660523,6666,1.7420472498051822,0.7,PrefLID-nocert
preflid,3,False,39996,True,0.0,0.0,23.908857803470035,6666,1.721260542050004,0.7,PrefLID-nocert
preflid,4,False,39996,True,0.0,0.0,1210.2318553025368,6666,1.667742125224322,0.7,PrefLID-nocert
preflid,5,False,39996,True,0.0,0.0,72.78598578632649,6666,1.6847710418514907,0.7,PrefLID-nocert
preflid,6,False,39996,True,0.0,0.0,1201.3208443660897,6666,1.8003717917017639,0.7,PrefLID-nocert
preflid,7,False,39996,True,0.0,0.0,178.13050724954354,6666,1.6940265409648418,0.7,PrefLID-nocert
preflid,8,False,39996,True,0.0,0.0,149.89379166448703,6666,1.7042906661517918,0.7,PrefLID-nocert
preflid,9,False,39996,True,0.0,0.0,28.65924060079198,6666,1.7059307917952538,0.7,PrefLID-nocert
preflid,10,False,39996,True,0.0,0.0,17.73327853213359,6666,1.6568610002286732,0.7,PrefLID-nocert
preflid,11,False,39996,True,0.0,0.0,233.59434541699378,6666,1.661399916280061,0.7,PrefLID-nocert
preflid,12,False,39996,True,0.0,0.0,55.77204513406788,6666,1.7010823339223862,0.7,PrefLID-nocert
preflid,13,False,39996,True,0.0,0.0,274.3975875370838,6666,1.8222659169696271,0.7,PrefLID-nocert
preflid,14,True,39276,True,0.0,0.0,173.76126657761276,6547,1.6470349999144673,0.7,PrefLID-nocert
preflid,15,True,13914,True,0.0,0.0,186.7411479094748,2320,0.6185474582016468,0.7,PrefLID-nocert
preflid,16,False,39996,True,0.0,0.0,123.99085154604487,6666,1.7003369578160346,0.7,PrefLID-nocert
preflid,17,False,39996,True,0.0,0.0,148.4865942476495,6666,1.7791185840032995,0.7,PrefLID-nocert
preflid,18,False,39996,True,0.0,0.0,58.15796191169531,6666,1.6861936659552157,0.7,PrefLID-nocert
preflid,19,False,39996,True,0.0,0.0,628.9887954829583,6666,1.6714360830374062,0.7,PrefLID-nocert
