seed,algorithm,feedback_mode,stopped,T_stop,exact_oracle_match,stable_train,blocking_pairs_train,resolved_fraction_at_stop,test_mean_score,test_welfare,normalized_test_welfare,n_checks,final_matching,unresolved_critical_final,unresolved_noncritical_final,T_first_oracle_hit,oracle_occupancy,longest_oracle_streak,num_matching_changes,T_first_train_stable,best_test_welfare,oracle_occupancy_after_10k,oracle_occupancy_after_25k,oracle_occupancy_after_50k,oracle_occupancy_after_100k
0,p2etg,bt,False,200000,True,True,0,0.8325892857142857,0.6728291234177692,5.382632987342154,1.0,447,emorynlp=gemma-2-9b-it|finqa=Qwen3-8B|humaneval=Qwen2.5-Coder-7B-Instruct|korbench=Intern-S1-mini|math500=GLM-Z1-9B-0414|mbpp=Fin-R1|medqa=DeepSeek-R1-0528-Qwen3-8B|meld=glm-4-9b-chat,2,73,448,0.48322147651006714,120,17,448,5.476581449254002,0.48,0.4362244897959184,0.37202380952380953,0.5580357142857143
1,p2etg,bt,False,200000,True,True,0,0.8191964285714286,0.6728291234177692,5.382632987342154,1.0,447,emorynlp=gemma-2-9b-it|finqa=Qwen3-8B|humaneval=Qwen2.5-Coder-7B-Instruct|korbench=Intern-S1-mini|math500=GLM-Z1-9B-0414|mbpp=Fin-R1|medqa=DeepSeek-R1-0528-Qwen3-8B|meld=glm-4-9b-chat,1,80,8960,0.9507829977628636,379,12,8960,5.409003558037667,0.9929411764705882,0.9948979591836735,1.0,1.0
2,p2etg,bt,False,200000,True,True,0,0.8169642857142857,0.6728291234177692,5.382632987342154,1.0,447,emorynlp=gemma-2-9b-it|finqa=Qwen3-8B|humaneval=Qwen2.5-Coder-7B-Instruct|korbench=Intern-S1-mini|math500=GLM-Z1-9B-0414|mbpp=Fin-R1|medqa=DeepSeek-R1-0528-Qwen3-8B|meld=glm-4-9b-chat,2,80,1344,0.9172259507829977,276,14,1344,5.382632987342154,0.9623529411764706,0.9744897959183674,0.9702380952380952,1.0
3,p2etg,bt,False,200000,True,True,0,0.828125,0.6728291234177692,5.382632987342154,1.0,447,emorynlp=gemma-2-9b-it|finqa=Qwen3-8B|humaneval=Qwen2.5-Coder-7B-Instruct|korbench=Intern-S1-mini|math500=GLM-Z1-9B-0414|mbpp=Fin-R1|medqa=DeepSeek-R1-0528-Qwen3-8B|meld=glm-4-9b-chat,1,76,1792,0.9552572706935123,418,8,1792,5.382632987342154,0.9835294117647059,1.0,1.0,1.0
4,p2etg,bt,False,200000,True,True,0,0.84375,0.6728291234177692,5.382632987342154,1.0,447,emorynlp=gemma-2-9b-it|finqa=Qwen3-8B|humaneval=Qwen2.5-Coder-7B-Instruct|korbench=Intern-S1-mini|math500=GLM-Z1-9B-0414|mbpp=Fin-R1|medqa=DeepSeek-R1-0528-Qwen3-8B|meld=glm-4-9b-chat,1,69,15232,0.8881431767337807,386,29,15232,5.488264660245308,0.9341176470588235,0.9846938775510204,1.0,1.0
5,p2etg,bt,False,200000,True,True,0,0.84375,0.6728291234177692,5.382632987342154,1.0,447,emorynlp=gemma-2-9b-it|finqa=Qwen3-8B|humaneval=Qwen2.5-Coder-7B-Instruct|korbench=Intern-S1-mini|math500=GLM-Z1-9B-0414|mbpp=Fin-R1|medqa=DeepSeek-R1-0528-Qwen3-8B|meld=glm-4-9b-chat,1,69,17024,0.912751677852349,355,13,17024,5.382632987342154,0.96,0.9948979591836735,1.0,1.0
6,p2etg,bt,False,200000,True,True,0,0.8236607142857143,0.6728291234177692,5.382632987342154,1.0,447,emorynlp=gemma-2-9b-it|finqa=Qwen3-8B|humaneval=Qwen2.5-Coder-7B-Instruct|korbench=Intern-S1-mini|math500=GLM-Z1-9B-0414|mbpp=Fin-R1|medqa=DeepSeek-R1-0528-Qwen3-8B|meld=glm-4-9b-chat,1,78,15232,0.9261744966442953,414,13,15232,5.382632987342154,0.9741176470588235,1.0,1.0,1.0
7,p2etg,bt,False,200000,True,True,0,0.8370535714285714,0.6728291234177692,5.382632987342154,1.0,447,emorynlp=gemma-2-9b-it|finqa=Qwen3-8B|humaneval=Qwen2.5-Coder-7B-Instruct|korbench=Intern-S1-mini|math500=GLM-Z1-9B-0414|mbpp=Fin-R1|medqa=DeepSeek-R1-0528-Qwen3-8B|meld=glm-4-9b-chat,2,71,3136,0.41834451901565994,116,21,3136,5.382632987342154,0.4329411764705882,0.46938775510204084,0.5476190476190477,0.7142857142857143
8,p2etg,bt,False,200000,True,True,0,0.8370535714285714,0.6728291234177692,5.382632987342154,1.0,447,emorynlp=gemma-2-9b-it|finqa=Qwen3-8B|humaneval=Qwen2.5-Coder-7B-Instruct|korbench=Intern-S1-mini|math500=GLM-Z1-9B-0414|mbpp=Fin-R1|medqa=DeepSeek-R1-0528-Qwen3-8B|meld=glm-4-9b-chat,1,72,5824,0.9642058165548099,426,10,5824,5.497949699615387,1.0,1.0,1.0,1.0
9,p2etg,bt,False,200000,True,True,0,0.8348214285714286,0.6728291234177692,5.382632987342154,1.0,447,emorynlp=gemma-2-9b-it|finqa=Qwen3-8B|humaneval=Qwen2.5-Coder-7B-Instruct|korbench=Intern-S1-mini|math500=GLM-Z1-9B-0414|mbpp=Fin-R1|medqa=DeepSeek-R1-0528-Qwen3-8B|meld=glm-4-9b-chat,2,72,2688,0.9507829977628636,405,9,2688,5.382632987342154,0.9670588235294117,1.0,1.0,1.0
10,p2etg,bt,False,200000,True,True,0,0.84375,0.6728291234177692,5.382632987342154,1.0,447,emorynlp=gemma-2-9b-it|finqa=Qwen3-8B|humaneval=Qwen2.5-Coder-7B-Instruct|korbench=Intern-S1-mini|math500=GLM-Z1-9B-0414|mbpp=Fin-R1|medqa=DeepSeek-R1-0528-Qwen3-8B|meld=glm-4-9b-chat,2,68,61824,0.5570469798657718,231,23,61824,5.382632987342154,0.5858823529411765,0.6352040816326531,0.7410714285714286,1.0
11,p2etg,bt,False,200000,True,True,0,0.8415178571428571,0.6728291234177692,5.382632987342154,1.0,447,emorynlp=gemma-2-9b-it|finqa=Qwen3-8B|humaneval=Qwen2.5-Coder-7B-Instruct|korbench=Intern-S1-mini|math500=GLM-Z1-9B-0414|mbpp=Fin-R1|medqa=DeepSeek-R1-0528-Qwen3-8B|meld=glm-4-9b-chat,2,69,43456,0.7740492170022372,327,13,43456,5.460637135425042,0.8141176470588235,0.8826530612244898,0.9851190476190477,1.0
12,p2etg,bt,False,200000,True,True,0,0.8415178571428571,0.6728291234177692,5.382632987342154,1.0,447,emorynlp=gemma-2-9b-it|finqa=Qwen3-8B|humaneval=Qwen2.5-Coder-7B-Instruct|korbench=Intern-S1-mini|math500=GLM-Z1-9B-0414|mbpp=Fin-R1|medqa=DeepSeek-R1-0528-Qwen3-8B|meld=glm-4-9b-chat,1,70,2240,0.9149888143176734,332,21,2240,5.501612253689841,0.9270588235294117,0.9260204081632653,0.9880952380952381,1.0
13,p2etg,bt,False,200000,True,True,0,0.8392857142857143,0.6728291234177692,5.382632987342154,1.0,447,emorynlp=gemma-2-9b-it|finqa=Qwen3-8B|humaneval=Qwen2.5-Coder-7B-Instruct|korbench=Intern-S1-mini|math500=GLM-Z1-9B-0414|mbpp=Fin-R1|medqa=DeepSeek-R1-0528-Qwen3-8B|meld=glm-4-9b-chat,0,72,51072,0.7427293064876958,330,13,51072,5.382632987342154,0.7811764705882352,0.8469387755102041,0.9880952380952381,1.0
14,p2etg,bt,False,200000,True,True,0,0.8504464285714286,0.6728291234177692,5.382632987342154,1.0,447,emorynlp=gemma-2-9b-it|finqa=Qwen3-8B|humaneval=Qwen2.5-Coder-7B-Instruct|korbench=Intern-S1-mini|math500=GLM-Z1-9B-0414|mbpp=Fin-R1|medqa=DeepSeek-R1-0528-Qwen3-8B|meld=glm-4-9b-chat,1,66,12992,0.9149888143176734,355,20,12992,5.501612253689841,0.9623529411764706,0.9846938775510204,1.0,1.0
15,p2etg,bt,False,200000,True,True,0,0.828125,0.6728291234177692,5.382632987342154,1.0,447,emorynlp=gemma-2-9b-it|finqa=Qwen3-8B|humaneval=Qwen2.5-Coder-7B-Instruct|korbench=Intern-S1-mini|math500=GLM-Z1-9B-0414|mbpp=Fin-R1|medqa=DeepSeek-R1-0528-Qwen3-8B|meld=glm-4-9b-chat,2,75,16576,0.7136465324384788,251,26,16576,5.397612253689841,0.7505882352941177,0.7780612244897959,0.7797619047619048,1.0
16,p2etg,bt,False,200000,True,True,0,0.8348214285714286,0.6728291234177692,5.382632987342154,1.0,447,emorynlp=gemma-2-9b-it|finqa=Qwen3-8B|humaneval=Qwen2.5-Coder-7B-Instruct|korbench=Intern-S1-mini|math500=GLM-Z1-9B-0414|mbpp=Fin-R1|medqa=DeepSeek-R1-0528-Qwen3-8B|meld=glm-4-9b-chat,1,73,15232,0.7651006711409396,318,20,15232,5.382632987342154,0.8047058823529412,0.8698979591836735,0.9940476190476191,1.0
17,p2etg,bt,False,200000,True,True,0,0.8392857142857143,0.6728291234177692,5.382632987342154,1.0,447,emorynlp=gemma-2-9b-it|finqa=Qwen3-8B|humaneval=Qwen2.5-Coder-7B-Instruct|korbench=Intern-S1-mini|math500=GLM-Z1-9B-0414|mbpp=Fin-R1|medqa=DeepSeek-R1-0528-Qwen3-8B|meld=glm-4-9b-chat,2,70,15232,0.825503355704698,262,24,15232,5.3962646602453095,0.8682352941176471,0.8979591836734694,0.8809523809523809,0.8214285714285714
18,p2etg,bt,False,200000,True,True,0,0.8370535714285714,0.6728291234177692,5.382632987342154,1.0,447,emorynlp=gemma-2-9b-it|finqa=Qwen3-8B|humaneval=Qwen2.5-Coder-7B-Instruct|korbench=Intern-S1-mini|math500=GLM-Z1-9B-0414|mbpp=Fin-R1|medqa=DeepSeek-R1-0528-Qwen3-8B|meld=glm-4-9b-chat,2,71,17024,0.843400447427293,367,32,17024,5.5905583952675615,0.8870588235294118,0.9464285714285714,1.0,1.0
19,p2etg,bt,False,200000,True,True,0,0.8482142857142857,0.6728291234177692,5.382632987342154,1.0,447,emorynlp=gemma-2-9b-it|finqa=Qwen3-8B|humaneval=Qwen2.5-Coder-7B-Instruct|korbench=Intern-S1-mini|math500=GLM-Z1-9B-0414|mbpp=Fin-R1|medqa=DeepSeek-R1-0528-Qwen3-8B|meld=glm-4-9b-chat,1,67,12096,0.941834451901566,421,6,12096,5.5905583952675615,0.9905882352941177,1.0,1.0,1.0
